date,close_roll_10_min,rel_price_rank,rel_return_CRM,low_lag_5,rel_strength_20d_ORCL
2023-09-28,-2.6295261845038276,2.220446049250313e-16,0.06186169108012063,-2.6009967607802214,1.0885755765619667
2023-09-29,-2.6295261845038276,2.220446049250313e-16,0.4782312147766991,-2.5677226388726693,1.1671607491985672
2023-10-02,-2.6295261845038276,2.220446049250313e-16,0.764896044572796,-2.6009963089753474,1.3432201505787866
2023-10-03,-2.6295261845038276,2.220446049250313e-16,-0.30944335703915243,-2.745089968155045,1.4051935354015428
2023-10-04,-2.6295261845038276,2.220446049250313e-16,0.4172416104139689,-2.7546372729243975,1.3804617276928552
2023-10-05,-2.6295261845038276,2.220446049250313e-16,0.06986722446511456,-2.761581756719368,1.4384674569627105
2023-10-06,-2.6295261845038276,2.220446049250313e-16,-0.04457119785246895,-2.6015745108943773,1.5235416751552024
2023-10-09,-2.6295261845038276,2.220446049250313e-16,0.46351874499023377,-2.5957880516495977,1.479748617468613
2023-10-10,-2.6098533475931234,2.220446049250313e-16,-0.09158413636437196,-2.710657364353926,-0.03308021380881561
2023-10-11,-2.5916940218292743,2.220446049250313e-16,0.6578853327331946,-2.6299311324819614,0.18522559487712864
2023-10-12,-2.5916940218292743,2.220446049250313e-16,0.1346104171871797,-2.6038900934117266,0.30914712559717217
2023-10-13,-2.5916940218292743,2.220446049250313e-16,-0.20878977019669606,-2.563382227690358,0.6334615738717109
2023-10-16,-2.5916940218292743,2.220446049250313e-16,-0.1700026556612751,-2.364314308684792,0.6245716305143347
2023-10-17,-2.423118644852793,2.220446049250313e-16,-0.3559879006091846,-2.2343974884198774,0.6436572031606955
2023-10-18,-2.411012427676894,2.220446049250313e-16,0.9349325281608393,-2.1918651847679778,0.9872934143369357
2023-10-19,-2.1719169784515646,2.220446049250313e-16,-0.6211783603867107,-2.204017198273266,0.6758581730202023
2023-10-20,-2.1897721043868867,2.220446049250313e-16,0.43876610289686346,-2.2723023216845357,1.3320670322714954
2023-10-23,-2.1897721043868867,2.220446049250313e-16,0.8655409229923261,-2.1496183330874183,1.095957738584322
2023-10-24,-2.1897721043868867,2.220446049250313e-16,-0.3207631487926833,-2.2419201564345097,1.0113262093895283
2023-10-25,-2.1897721043868867,2.220446049250313e-16,3.3024105573002807,-2.216170086636077,1.578040472813137
2023-10-26,-2.1897721043868867,2.220446049250313e-16,-1.6146268071789862,-2.140650634870514,1.3756470918701602
2023-10-27,-2.1897721043868867,2.220446049250313e-16,0.25161528852706866,-2.2986312643793463,1.258877892876472
2023-10-30,-2.1897721043868867,2.220446049250313e-16,0.4886577223272298,-2.3293028787657493,1.3178526275574787
2023-10-31,-2.1897721043868867,2.220446049250313e-16,-0.2285723365003239,-2.2364226656624386,1.196920579924726
2023-11-01,-2.1897721043868867,2.220446049250313e-16,0.4490714155168659,-1.9465020529444297,1.2956160225430655
2023-11-02,-2.1897721043868867,2.220446049250313e-16,-0.6570308397826093,-2.255519605330576,1.3809690739768334
2023-11-03,-2.1528487972000243,2.220446049250313e-16,0.8324759732429321,-2.2132747116714797,1.275431966470556
2023-11-06,-2.1528487972000243,2.220446049250313e-16,0.5783733319388884,-2.1140323088777344,1.225842913354887
2023-11-07,-2.1528487972000243,2.220446049250313e-16,-0.4583623473174111,-2.031279027379576,1.371560171647847
2023-11-08,-2.1528487972000243,2.220446049250313e-16,0.49598207898184193,-1.887764143886528,0.945981344706668
2023-11-09,-2.0947391419556025,2.220446049250313e-16,0.04174272011894438,-1.7396212354393104,0.8592865589978198
2023-11-10,-1.8677527179045896,2.220446049250313e-16,0.42193997500450703,-1.665549704715344,1.1138898825021182
2023-11-13,-1.843540283552791,2.220446049250313e-16,-0.7421483281216193,-1.4913647984543084,0.7422723766272549
2023-11-14,-1.6026280593515516,2.220446049250313e-16,-0.8315936014729346,-1.3675253246700272,0.7093596026606802
2023-11-15,-1.5345322257361949,2.220446049250313e-16,0.45685034286401477,-1.2830382707334658,0.926840914474109
2023-11-16,-1.398945214164646,2.220446049250313e-16,0.45527251456550255,-1.2885348567627923,1.049974076301043
2023-11-17,-1.2860561897985676,2.220446049250313e-16,-0.7396726833176014,-1.2679908149607464,0.15031844772734532
2023-11-20,-1.1649949540390474,2.220446049250313e-16,0.1832636479991878,-1.128238299804114,0.36850405947459175
2023-11-21,-1.1601520927688986,2.220446049250313e-16,-0.35371948145758353,-1.086283216663215,0.2047077253256578
2023-11-22,-1.1601520927688986,2.220446049250313e-16,0.7836546212531627,-1.071669571877435,-0.271984612831972
2023-11-24,-0.978863970958409,2.220446049250313e-16,-0.13271143903169513,-0.9826610276322704,0.07067839474697096
2023-11-27,-0.978863970958409,2.220446049250313e-16,0.10649942350441619,-1.0748573191219704,0.08711446123496834
2023-11-28,-0.8702122162038427,2.220446049250313e-16,0.5491617219530872,-0.9588864359312319,0.042223610375409164
2023-11-29,-0.8656632587680246,2.220446049250313e-16,-1.6542224867902195,-0.955407607811756,0.10826460880702928
2023-11-30,-0.8602035738455706,2.220446049250313e-16,-4.589949090176272,-0.843783264869743,0.09965608714699313
2023-12-01,-0.8602035738455706,2.220446049250313e-16,-2.128649167680453,-0.8388544773637995,-0.10594666935235353
2023-12-04,-0.881736241707915,2.220446049250313e-16,1.1125650835433323,-0.8081219231460739,-0.1633174228516857
2023-12-05,-0.881736241707915,2.220446049250313e-16,0.4249556680139392,-0.7512946752951525,0.08803428913884234
2023-12-06,-0.8920481478952416,2.220446049250313e-16,-0.07978407243856984,-0.772169678787723,0.08178811290436407
2023-12-07,-0.8920481478952416,2.220446049250313e-16,0.3869458008022734,-0.8292868694331067,0.36432513428726887
2023-12-08,-0.8920481478952416,2.220446049250313e-16,0.0899682329676296,-0.9498983126757401,0.4672893002252297
2023-12-11,-0.8920481478952416,2.220446049250313e-16,-0.6013320798433597,-1.193730026172026,-0.03267618684207609
2023-12-12,-0.8920481478952416,2.220446049250313e-16,-0.4023087934506743,-1.1148679085773505,1.9361390882980443
2023-12-13,-0.8920481478952416,2.220446049250313e-16,-0.12751417783466362,-1.0449955547287109,1.7480625866661599
2023-12-14,-0.9790848668338933,2.220446049250313e-16,-1.0548505462795639,-1.094572774234306,1.558150906085202
2023-12-15,-0.9790848668338933,2.220446049250313e-16,-0.1538629308142205,-1.0391965194649402,1.1766774015789687
2023-12-18,-0.9790848668338933,2.220446049250313e-16,-0.07836162040002526,-1.100951533933451,1.3304057932240878
2023-12-19,-0.9790848668338933,2.220446049250313e-16,-0.017865820267796647,-0.9745424228776037,1.1042497260498718
2023-12-20,-0.9790848668338933,2.220446049250313e-16,0.4586606794990591,-0.9655552498814567,1.3280349058393903
2023-12-21,-0.9790848668338933,2.220446049250313e-16,-0.9011805941935948,-1.1580678887469338,1.0664154470962908
2023-12-22,-0.9790848668338933,2.220446049250313e-16,0.34904013572460885,-1.095733551178401,1.0764979829429149
2023-12-26,-0.9790848668338933,2.220446049250313e-16,0.07499112406865927,-1.026150268513299,1.0643660826374706
2023-12-27,-0.9790848668338933,2.220446049250313e-16,-0.12917749865645423,-0.9925187891711269,0.9072201127806643
2023-12-28,-0.9790848668338933,2.220446049250313e-16,0.4144685197210055,-0.9725125817293869,1.039645704312785
2023-12-29,-0.8368531950078437,2.220446049250313e-16,0.5981684260682122,-0.9867189557485508,1.1651826815702053
2024-01-02,-0.8368531950078437,2.220446049250313e-16,0.6814209043112088,-0.9093084450796313,1.4144721414390191
2024-01-03,-0.8374597226659528,2.220446049250313e-16,0.8366572455972001,-0.8864041923812922,1.6398545555883766
2024-01-04,-0.9181279011944592,2.220446049250313e-16,-0.19574842051168886,-0.9064085726617593,1.2678905728919803
2024-01-05,-0.9238908499459678,2.220446049250313e-16,0.04014147908603805,-0.8672677547722794,1.0881448259099096
2024-01-08,-0.9238908499459678,2.220446049250313e-16,-0.9475976329350221,-0.8869823595482215,1.1110984055672632
2024-01-09,-0.9238908499459678,2.220446049250313e-16,0.09831782070125533,-1.0815268084437308,1.2485125854356858
2024-01-10,-0.9238908499459678,2.220446049250313e-16,0.4337912969893246,-1.0310785519813765,1.6820319866908744
2024-01-11,-0.9238908499459678,2.220446049250313e-16,-1.078265471107869,-1.0699285241178975,-0.0992224316845098
2024-01-12,-0.9238908499459678,2.220446049250313e-16,0.43668634737790163,-1.0893550468797975,0.08635062583914106
2024-01-16,-0.9238908499459678,2.220446049250313e-16,0.7716083078673033,-1.016581814024925,0.10517854399394991
2024-01-17,-0.9238908499459678,2.220446049250313e-16,-0.47414132140338505,-0.9533766627971629,0.31675692598001864
2024-01-18,-0.9238908499459678,2.220446049250313e-16,0.050576291206742535,-0.8046420303766065,0.33051062878529536
2024-01-19,-0.9238908499459678,2.220446049250313e-16,-0.5136451502452593,-0.6869302113192193,0.5077370053102257
2024-01-22,-0.7134238805831755,2.220446049250313e-16,-0.12421814263734544,-0.5631316909311206,0.2191796281623881
2024-01-23,-0.6800639233877043,2.220446049250313e-16,0.9655945768678226,-0.47702227250421525,0.20417455321142425
2024-01-24,-0.46838483470816616,2.220446049250313e-16,0.4774073163882683,-0.5584920006438371,0.0394916751951307
2024-01-25,-0.4119768265045502,2.220446049250313e-16,-0.058454682441331667,-0.40453871922878465,0.03155938031280437
2024-01-26,-0.295524452147081,2.220446049250313e-16,-0.23483846048401363,-0.3065426013362593,0.03193823369628891
2024-01-29,-0.2651971332421551,2.220446049250313e-16,-0.6501663375411822,-0.30393192704970284,0.3173277395593547
2024-01-30,-0.2651971332421551,2.220446049250313e-16,-0.07232299812178797,-0.29407616775318607,0.10638450112902278
2024-01-31,-0.13176011245868716,2.220446049250313e-16,-0.14982421125321055,-0.1050399043052212,0.04556779607223372
2024-02-01,-0.05169658958934503,2.220446049250313e-16,0.33732732454585074,-0.04473421872622851,-0.39113635846785344
2024-02-02,-0.05169658958934503,2.220446049250313e-16,0.6308592926870972,-0.047635231594361685,-0.06864804002053398
2024-02-05,-0.019248295879982145,2.220446049250313e-16,-1.055073188274054,0.0074518257793804825,-0.2892891279850557
2024-02-06,-0.019248295879982145,2.220446049250313e-16,0.41498626431140334,0.06891820438627141,-0.17289985552614098
2024-02-07,-0.019248295879982145,2.220446049250313e-16,0.5667592716728027,-0.19897762467059799,-0.28754229087041105
2024-02-08,-0.019248295879982145,2.220446049250313e-16,-0.48475158399759427,-0.0659002548599022,-0.3754824780350337
2024-02-09,-0.019248295879982145,2.220446049250313e-16,0.9237806794844051,-0.014872791566474844,-0.12381605756136124
2024-02-12,-0.019248295879982145,2.220446049250313e-16,0.09582885659051847,-0.0024056080819181863,-0.10072164603388276
2024-02-13,-0.019248295879982145,2.220446049250313e-16,0.039373576267600144,-0.03371758337596211,-0.20284812342398706
2024-02-14,0.16877621413330215,2.220446049250313e-16,-0.8898039104006307,0.0964602844731332,-0.1334373583771324
2024-02-15,0.2206343289016277,2.220446049250313e-16,-0.7913590264251099,0.24519574808212496,0.07388550446057163
2024-02-16,0.19992908457287653,2.220446049250313e-16,0.1142433389553471,0.3194174880724388,0.12132650726969221
2024-02-20,0.16134250632357647,2.220446049250313e-16,0.45622171386425464,0.3095603351173268,0.5390125428791491
2024-02-21,0.1428087807707714,2.220446049250313e-16,0.4587753944613992,-0.01980036002052838,0.6810598380342221
2024-02-22,0.1428087807707714,2.220446049250313e-16,-0.5567091749816787,0.036102268404821586,0.8146299125431868
2024-02-23,0.1428087807707714,2.220446049250313e-16,0.027801109309576945,0.02796918942783733,0.6659452943543268
2024-02-26,0.1428087807707714,2.220446049250313e-16,-1.5819960649319724,0.0032805281994246257,0.6806346271822715
2024-02-27,0.1428087807707714,2.220446049250313e-16,0.18170481166202426,-0.15444357548014995,0.340884828201041
2024-02-28,0.1428087807707714,2.220446049250313e-16,0.02656295504506825,-0.17739052207476064,0.3966522884529173
2024-02-29,0.1428087807707714,2.220446049250313e-16,-0.7351001035442393,0.15228895408843646,0.6575275475301132
2024-03-01,0.1428087807707714,2.220446049250313e-16,-1.0293386050239524,0.16390806391546908,0.714985657884579
2024-03-04,0.1428087807707714,2.220446049250313e-16,0.3234224274898518,0.1171415434935354,0.45260945906251854
2024-03-05,0.1428087807707714,2.220446049250313e-16,1.0801244312910376,0.015188798430693758,0.6688367581513005
2024-03-06,0.1400737903124462,2.220446049250313e-16,-0.8602965931633952,0.057886450937427995,0.3761041882004468
2024-03-07,0.1400737903124462,2.220446049250313e-16,1.1320637520639047,0.07531603362327785,0.28821463659275304
2024-03-08,0.1400737903124462,2.220446049250313e-16,-0.780931551420236,0.21938695685038823,0.3693669859701472
2024-03-11,0.1400737903124462,2.220446049250313e-16,-0.2824612925497098,0.2612146286347741,-0.09285406494854465
2024-03-12,0.1400737903124462,2.220446049250313e-16,1.2608102711837592,-0.07805077857697768,-1.2085019288458774
2024-03-13,0.1400737903124462,2.220446049250313e-16,0.2699838655166493,-0.14340615112731386,-0.9689814712349961
2024-03-14,0.1400737903124462,2.220446049250313e-16,1.4725819671407587,-0.031577630749501394,-0.7104745145835925
2024-03-15,0.1400737903124462,2.220446049250313e-16,0.4856351056191246,0.0291298176272384,-1.058515479883282
2024-03-18,0.1400737903124462,2.220446049250313e-16,-0.8921112559548938,-0.06004135193524587,-1.3561804923788725
2024-03-19,0.1400737903124462,2.220446049250313e-16,0.37299974372139594,0.10058640713432679,-1.6656345514093505
2024-03-20,0.21390449269513973,2.220446049250313e-16,-0.2701036324557985,0.2359436443130131,-1.567164225197932
2024-03-21,0.21390449269513973,2.220446049250313e-16,0.15062337412928606,0.4259087915122926,-1.3796194761611238
2024-03-22,0.21390449269513973,2.220446049250313e-16,0.06900482725831247,0.27486642320291,-1.1223882306619481
2024-03-25,0.5353529194992784,2.220446049250313e-16,-0.362563077657419,0.30362152847452784,-1.1520334418309883
2024-03-26,0.5353529194992784,2.220446049250313e-16,-0.06257071603742856,0.35503398007132636,-1.1797086935922112
2024-03-27,0.5754586248922684,2.220446049250313e-16,0.737832968970942,0.5034629875920513,-1.0346983957878018
2024-03-28,0.5754586248922684,2.220446049250313e-16,-0.00857643987055642,0.6922668632650067,-1.2824940752417502
2024-04-01,0.6028019774792133,2.220446049250313e-16,0.31806758598440654,0.6606061334437862,-0.961688512079746
2024-04-02,0.7061035592495953,2.220446049250313e-16,-0.609069787501712,0.5310579925110654,-0.8887389748427946
2024-04-03,0.6978995238740923,2.220446049250313e-16,-0.19516856630494087,0.5235059996910545,-1.0905969623074039
2024-04-04,0.6198156398888561,2.220446049250313e-16,1.4640378304433093,0.4555371291407833,-0.7827258691408935
2024-04-05,0.6198156398888561,2.220446049250313e-16,-0.361301540725064,0.4587313187378684,-0.5829651597253834
2024-04-08,0.6198156398888561,2.220446049250313e-16,-0.03675988560903524,0.5487755517080399,-0.7028592509479292
2024-04-09,0.6198156398888561,2.220446049250313e-16,0.13427402065705038,0.42155042839918516,-0.320604212138548
2024-04-10,0.6198156398888561,2.220446049250313e-16,0.14176190448130035,0.4578589542838657,0.9344767526040102
2024-04-11,0.6198156398888561,2.220446049250313e-16,0.6670814947059365,0.41370812987092437,0.7169289365375757
2024-04-12,0.6198156398888561,2.220446049250313e-16,0.14396854738117032,0.4354941239064661,0.4404628544061393
2024-04-15,0.49099496850321833,2.220446049250313e-16,2.6805742260072507,0.5801457042099688,0.5891610441286357
2024-04-16,0.49099496850321833,2.220446049250313e-16,-0.6648663652096359,0.5313477730134116,0.7455569659165496
2024-04-17,0.43630451933143904,2.220446049250313e-16,-0.09085455415340545,0.47557798569096094,0.8848258842899386
2024-04-18,0.2063069849777457,2.220446049250313e-16,-0.0798148179360006,0.5528420096380637,0.8251095330140821
2024-04-19,0.0498378251771637,2.220446049250313e-16,-0.3070129520527723,0.4776108390234005,0.6338906489006986
2024-04-22,0.0498378251771637,2.220446049250313e-16,-0.360312457130749,0.2934559494236572,0.6295339960901761
2024-04-23,0.0498378251771637,2.220446049250313e-16,0.33981883674733016,0.30216993512779106,0.7857800120031199
2024-04-24,0.0498378251771637,2.220446049250313e-16,0.31121222789385916,0.20341004470024843,0.883205868099015
2024-04-25,0.04740797054683785,2.220446049250313e-16,-0.6251024414872829,0.01809251403872394,0.49603042280079823
2024-04-26,0.04740797054683785,2.220446049250313e-16,0.7380620838752805,-0.16141527117953383,0.5281120979177971
2024-04-29,0.04740797054683785,2.220446049250313e-16,-0.7168961133740224,-0.22008881236102518,0.34395943530233125
2024-04-30,-0.24760876715646443,2.220446049250313e-16,-0.32784837129622296,-0.007758580404402943,0.20890894550271963
2024-05-01,-0.24760876715646443,2.220446049250313e-16,0.8028167614162243,0.10029482650356329,0.5272224377452454
2024-05-02,-0.24760876715646443,2.220446049250313e-16,-0.22872179136947762,-0.44432925704411896,0.45305895679725955
2024-05-03,-0.24760876715646443,2.220446049250313e-16,0.8627459174948388,0.07066793516170966,0.4831461843287983
2024-05-06,-0.24760876715646443,2.220446049250313e-16,0.5241167975569935,-0.12016893735888828,0.3883949436300102
2024-05-07,-0.24760876715646443,2.220446049250313e-16,-0.7405348501969475,-0.41121597147673855,0.1725339388474018
2024-05-08,-0.24760876715646443,2.220446049250313e-16,-0.1328304207654312,-0.3781031006383894,0.2063929820862037
2024-05-09,-0.24760876715646443,2.220446049250313e-16,0.932668141346316,-0.2520408112440357,0.362643733293664
2024-05-10,-0.24760876715646443,2.220446049250313e-16,0.06280345772511636,-0.04261508413107768,0.3943377132874472
2024-05-13,-0.24760876715646443,2.220446049250313e-16,-0.23227520524278997,0.08838581147810895,0.5192101867142642
2024-05-14,-0.0771613912352021,2.220446049250313e-16,0.5111944757213338,0.16739274788372546,0.1537193055801968
2024-05-15,0.010947983098809105,2.220446049250313e-16,-1.0151626035105104,0.09826103639869065,0.17518291414798365
2024-05-16,0.2789227600452763,2.220446049250313e-16,0.2903656857976622,0.1676838998436255,-0.000534332927649166
2024-05-17,0.3603481621469466,2.220446049250313e-16,-0.21184241171055704,0.2461094150350788,-0.12808593856033645
2024-05-20,0.3603481621469466,2.220446049250313e-16,0.39400976704436735,0.2176442238402878,-0.17664730796101372
2024-05-21,0.39680721359550297,2.220446049250313e-16,1.045361669709588,0.2388480308534414,-0.2261620212717978
2024-05-22,0.4508892631102284,2.220446049250313e-16,0.202659129973263,0.42685612989558935,-0.1972592855975871
2024-05-23,0.4934248231335442,2.220446049250313e-16,0.553971461761017,0.5164816768677348,0.01899256771961858
2024-05-24,0.4934248231335442,2.220446049250313e-16,1.5271774035163295,0.4489712176297591,0.2660075791778062
2024-05-28,0.579711806494811,2.220446049250313e-16,0.5085913068948614,0.5060051466281147,0.1532478578733408
2024-05-29,0.7136355470039221,2.220446049250313e-16,-0.41948745904419804,0.6474274886029858,0.3097696393586527
2024-05-30,0.5450124340543488,2.220446049250313e-16,8.155232794156813,0.7137733085703558,0.4837406576663147
2024-05-31,0.5450124340543488,2.220446049250313e-16,-3.6406458776791575,0.664014512681404,0.42861412682033384
2024-06-03,0.5100088617853598,2.220446049250313e-16,-0.6114658336794636,0.634624038148196,-0.05044416957140938
2024-06-04,0.5100088617853598,2.220446049250313e-16,0.7168126594900596,0.6983509648992647,0.009277462140955279
2024-06-05,0.5100088617853598,2.220446049250313e-16,0.6358578462106464,0.6718709622717637,0.06761444633492204
2024-06-06,0.5100088617853598,2.220446049250313e-16,-1.2045987892448202,0.3386853137307506,-0.1079275799567836
2024-06-07,0.5100088617853598,2.220446049250313e-16,0.1497071158480753,0.05555260073131742,-0.5257225772969258
2024-06-10,0.5100088617853598,2.220446049250313e-16,0.5145101783401992,0.18387921857205608,-0.32729667881086705
2024-06-11,0.5100088617853598,2.220446049250313e-16,0.773918939051786,0.20599458275141025,-0.1162952491082533
2024-06-12,0.5100088617853598,2.220446049250313e-16,2.0707362448662296,0.3986298902131065,-1.1905866983322675
2024-06-13,0.5100088617853598,2.220446049250313e-16,1.5244799968463771,0.5231730930947733,-1.2723378120485656
2024-06-14,0.5100088617853598,2.220446049250313e-16,-0.4768978916832423,0.5935940705961893,-0.9601100077575156
2024-06-17,0.587625682033873,2.220446049250313e-16,1.0042273247672504,0.6194928953660661,-0.9220508462987541
2024-06-18,0.824428868551318,2.220446049250313e-16,-0.4686752058220705,0.6590665133501453,-1.3417322984011961
2024-06-20,0.824428868551318,2.220446049250313e-16,-2.1664208514350545,0.89185928862291,-1.3062189856007005
2024-06-21,0.824428868551318,2.220446049250313e-16,-0.17258908343222684,1.0699459899001962,-1.1054275851491018
2024-06-24,0.9467873995795715,2.220446049250313e-16,0.8456038616602678,0.9928334952261408,-0.9643624769034002
2024-06-25,1.0931908210540655,2.220446049250313e-16,0.02924786588050922,1.1092297943941667,-1.0224640783146624
2024-06-26,1.348257229276795,2.220446049250313e-16,-0.11001115638906957,1.2305731815409502,-0.7353544906457103
2024-06-27,1.3640849803549189,2.220446049250313e-16,-1.8607832093196222,1.1252342114236569,-0.9440425267902457
2024-06-28,1.39421854736906,2.220446049250313e-16,-1.4377327748386308,1.2777132199876222,-1.4713675469266947
2024-07-01,1.4894883176668587,2.220446049250313e-16,1.2989984229185794,1.2748030816933535,-1.3634273079196175
2024-07-02,1.4894883176668587,2.220446049250313e-16,0.3228346778428457,1.2846964517301003,-1.023304196336765
2024-07-03,1.4894883176668587,2.220446049250313e-16,-0.7185298218404966,1.3265988861143696,-1.0753907610622724
2024-07-05,1.5275338882211171,2.220446049250313e-16,0.34719183444393836,1.4307740612214646,-0.8938926249073006
2024-07-08,1.5275338882211171,2.220446049250313e-16,0.9987883132111732,1.2748026253722071,-0.8717852669688757
2024-07-09,1.5275338882211171,2.220446049250313e-16,0.20558896177954322,1.2529786413589632,-0.3898266509107995
2024-07-10,1.5275338882211171,2.220446049250313e-16,0.734804537504709,1.4697659225573185,-0.5999259095623455
2024-07-11,1.5275338882211171,2.220446049250313e-16,-0.8978941415219202,1.6085694531040338,-1.2376245997763426
2024-07-12,1.5275338882211171,2.220446049250313e-16,-0.6462470592632621,1.6402872229323722,0.03570617778630328
2024-07-15,1.7284209029839923,2.220446049250313e-16,0.30366370555924116,1.8000415973347341,0.13645669849598194
2024-07-16,1.6057581721272118,2.220446049250313e-16,-1.0647770975187743,1.6120615034662522,-0.13998769132872751
2024-07-17,1.4231334430701486,2.220446049250313e-16,0.31183262098751413,1.6370862089861842,0.12274588392507481
2024-07-18,1.3272562091147682,2.220446049250313e-16,0.4538439578687941,1.4243724458158797,0.51336300853311
2024-07-19,1.2280290330477022,2.220446049250313e-16,-0.3812370993084634,1.3981828227464617,0.22822950295936
2024-07-22,1.2280290330477022,2.220446049250313e-16,-0.5882579275345312,1.4208802545608594,0.0016084908994395794
2024-07-23,1.2280290330477022,2.220446049250313e-16,-0.13056254454838181,1.2820780570824237,-0.30421935161845765
2024-07-24,0.9781377659078203,2.220446049250313e-16,-0.5198238065303444,1.0644168113803074,-0.5400083378209682
2024-07-25,0.6585444900579596,2.220446049250313e-16,-2.510389090498978,0.9253238894610573,-0.8946052921770298
2024-07-26,0.6585444900579596,2.220446049250313e-16,-0.34037614647172054,0.8554856213195582,-0.6278521571659257
2024-07-29,0.6585444900579596,2.220446049250313e-16,0.990137545470399,1.0565607368248806,-0.2509798763863084
2024-07-30,0.6585444900579596,2.220446049250313e-16,-0.2741637730559999,1.1784860683022402,-0.22919955326102437
2024-07-31,0.657023490915325,2.220446049250313e-16,-0.661137880633769,0.727158721963211,-0.7913940705143497
2024-08-01,0.6192793121911764,2.220446049250313e-16,0.9950553342912702,0.4338406766690808,-0.5899391469855149
2024-08-02,0.35690930008538374,2.220446049250313e-16,0.7986212953961429,0.4268561385388196,-0.6099027963155907
2024-08-05,-0.04912633503816061,2.220446049250313e-16,-0.5692767560813398,0.6430628714041352,-0.4499332239249873
2024-08-06,-0.04912633503816061,2.220446049250313e-16,0.7242785688914485,0.4294750412077673,-0.5425898129206369
2024-08-07,-0.04912633503816061,2.220446049250313e-16,-0.44138045108493756,0.279615574695885,-0.40710968857359736
2024-08-08,-0.04912633503816061,2.220446049250313e-16,-1.303723322780817,0.30522186762395986,-0.16018029681333235
2024-08-09,-0.04912633503816061,2.220446049250313e-16,-0.22668320222768812,0.050605825221648804,-0.14918103698460383
2024-08-12,-0.04912633503816061,2.220446049250313e-16,0.3781715986893237,-0.4952928386767175,-0.3409134087195206
2024-08-13,-0.04912633503816061,2.220446049250313e-16,0.2705665045934209,-0.11933256181223714,-0.18907574893358653
2024-08-14,-0.04912633503816061,2.220446049250313e-16,0.24321722933956233,-0.14930562902238528,-0.36249077646172995
2024-08-15,-0.04912633503816061,2.220446049250313e-16,-0.8225706256123048,-0.07743081075224677,-0.3587511398520579
2024-08-16,-0.04912633503816061,2.220446049250313e-16,-0.2821362778092856,-0.009919676843269758,-0.3427890280600262
2024-08-19,0.05070736868701451,2.220446049250313e-16,-0.061219719123599595,0.04769587198711197,-0.312392447509298
2024-08-20,0.05070736868701451,2.220446049250313e-16,1.088384142330055,0.20279446973454565,-0.11125441400858911
2024-08-21,0.18037137559727617,2.220446049250313e-16,0.10706957108063885,0.28659952199971034,-0.15613101563551923
2024-08-22,0.2817288864635031,2.220446049250313e-16,-0.4874971273177354,0.4601103561592158,0.007644727583275719
2024-08-23,0.3057747129092161,2.220446049250313e-16,-0.8475450629670725,0.4496160513710974,-0.16053398382803852
2024-08-26,0.5249249493773754,2.220446049250313e-16,-0.5910874769850488,0.4251293836210976,-0.3478708193920655
2024-08-27,0.5317802095131638,2.220446049250313e-16,0.28596387546331337,0.5761345533010274,-0.43024261054186785
2024-08-28,0.4436586671860115,2.220446049250313e-16,0.648702858142397,0.5784655169073468,0.03042306010759089
2024-08-29,0.4436586671860115,2.220446049250313e-16,0.7085053446646827,0.3711985291383567,-0.1788718687402706
2024-08-30,0.4436586671860115,2.220446049250313e-16,1.3177958547623982,0.29773657487120064,-0.3593235623169168
2024-09-03,0.408287247124373,2.220446049250313e-16,0.07574096830519438,0.2758726392764647,-0.5400686149225028
2024-09-04,0.39182114440607857,2.220446049250313e-16,0.05263140599866607,0.24409737565426262,-0.7866847750067307
2024-09-05,0.3762695131723097,2.220446049250313e-16,0.29257802880318556,0.15839284224138467,-1.1734195084370604
2024-09-06,0.1722768521600428,2.220446049250313e-16,-0.33713174870677726,0.25430208494381296,-1.136202392851004
2024-09-09,0.1722768521600428,2.220446049250313e-16,0.17451086545937622,0.2989026623879824,-0.6212525728503349
2024-09-10,0.1722768521600428,2.220446049250313e-16,0.9979552290074696,0.1502302583235966,-1.8194743233715103
2024-09-11,0.1722768521600428,2.220446049250313e-16,0.41351592365149753,0.07268714140974564,-1.714167715850005
2024-09-12,0.1722768521600428,2.220446049250313e-16,-0.24882911852793327,0.12399297112076213,-1.900985429986472
2024-09-13,0.1722768521600428,2.220446049250313e-16,0.22414946991364376,-0.03138405026918839,-1.8700201278439486
2024-09-16,0.1722768521600428,2.220446049250313e-16,-0.32743170577895603,0.007970350869878585,-2.386851433894504
2024-09-17,0.1722768521600428,2.220446049250313e-16,0.8121864940183382,0.1697619577307343,-2.1041375534010207
2024-09-18,0.1722768521600428,2.220446049250313e-16,0.0068015503688186,0.2245659264360495,-1.9877269930701047
2024-09-19,0.1722768521600428,2.220446049250313e-16,-1.7149566355049952,0.5210373748971023,-1.8744637453011523
2024-09-20,0.29485534306430805,2.220446049250313e-16,-0.49561928413612133,0.687492827943941,-1.941408592744467
2024-09-23,0.5534308133090294,2.220446049250313e-16,0.3229934004864089,0.7679513174942687,-1.7683350735618908
2024-09-24,0.8229827493664746,2.220446049250313e-16,-1.623918765373242,0.8860142278559793,-1.8112070034748353
2024-09-25,0.9437322973016887,2.220446049250313e-16,-0.2875555749221211,0.8317931386204184,-1.810093065977428
2024-09-26,1.0099018440028658,2.220446049250313e-16,-0.35193837519233634,1.0209859686247529,-1.9319084490335277
2024-09-27,0.9748336877702817,2.220446049250313e-16,-0.49452570410499486,0.9428599309270049,-2.015781852095548
2024-09-30,0.9748336877702817,2.220446049250313e-16,0.8315528102353589,0.8312103470591017,-2.0266369585625172
2024-10-01,0.7513263737581444,2.220446049250313e-16,-0.5509675087922514,0.7061504025928105,-1.9942705438561672
2024-10-02,0.6427728989481789,2.220446049250313e-16,-1.9541153478054538,0.7781543845167476,-2.013567674792526
2024-10-03,0.6247829890888328,2.220446049250313e-16,-0.28184485992423786,0.7944795505550617,-1.7762861411213404
2024-10-04,0.6101467653390619,2.220446049250313e-16,-1.2227233701982847,0.7460866592048677,-1.9642783153959036
2024-10-07,0.4113367334054213,2.220446049250313e-16,-0.1870417084666833,0.6848690274803592,-2.4097171036372105
2024-10-08,0.4113367334054213,2.220446049250313e-16,-0.5518278878302383,0.49363544980636304,-1.3591230532926042
2024-10-09,0.4113367334054213,2.220446049250313e-16,0.9918036230259021,0.43241627702944263,-1.7378734881069586
2024-10-10,0.4113367334054213,2.220446049250313e-16,-0.5379666924236807,0.3618705457497279,-1.3787193501230004
2024-10-11,0.4113367334054213,2.220446049250313e-16,0.45310926439127114,0.3816937705428384,-1.4478483479538697
2024-10-14,0.4113367334054213,2.220446049250313e-16,-0.23139238570784948,0.20765883898111073,-0.7370846345844779
2024-10-15,0.4113367334054213,2.220446049250313e-16,0.5542302427113195,0.18346343042783164,-0.9342317256868617
2024-10-16,0.4113367334054213,2.220446049250313e-16,-0.6999658586054216,0.3621609648025399,-1.1666510314199825
2024-10-17,0.4113367334054213,2.220446049250313e-16,0.07095202273394503,0.3286378408428058,-1.2119385663682685
2024-10-18,0.4113367334054213,2.220446049250313e-16,-0.09832890647733052,0.3315518740397365,-0.9587144916802237
2024-10-21,0.5689815085433259,2.220446049250313e-16,0.3949490114998792,0.4560292202113354,-0.9764307421428448
2024-10-22,0.6034384571204389,2.220446049250313e-16,1.5799439807827829,0.3901471510259614,-0.7009398067313982
2024-10-23,0.6034384571204389,2.220446049250313e-16,0.37531486828992533,0.2508032639887183,-0.6767862230603806
2024-10-24,0.611975708308113,2.220446049250313e-16,-0.34903767319654666,0.3997665553735835,-0.6020201783152838
2024-10-25,0.611975708308113,2.220446049250313e-16,-0.1985035222182188,0.41929901243445517,-0.2821823088513702
2024-10-28,0.611975708308113,2.220446049250313e-16,-0.7038169503093897,0.3461286398295178,-0.18779204764637297
2024-10-29,0.611975708308113,2.220446049250313e-16,-0.19916381364430838,0.47118876696776135,-0.05647266882147694
2024-10-30,0.6302707539954585,2.220446049250313e-16,0.5218395248281519,0.6020788151880976,0.029709576874462105
2024-10-31,0.3140657962356515,2.220446049250313e-16,-2.118207415665099,0.5982887916979627,-0.3067050154356295
2024-11-01,0.3140657962356515,2.220446049250313e-16,-0.0375095885772236,0.7198511835842535,-0.01817462856010555
2024-11-04,0.3140657962356515,2.220446049250313e-16,-0.7424142692188945,0.7119792569473968,0.09101927641754512
2024-11-05,0.3140657962356515,2.220446049250313e-16,0.49287633461756514,0.6974036739678056,0.19179523656166922
2024-11-06,0.3140657962356515,2.220446049250313e-16,-0.4756490924680594,0.881059281224456,-0.044330634854844043
2024-11-07,0.3140657962356515,2.220446049250313e-16,0.0347294234139736,0.12894907993136823,-0.38318418848562785
2024-11-08,0.3140657962356515,2.220446049250313e-16,-2.077416201761172,0.1639318213658874,-0.6627988073132058
2024-11-11,0.3140657962356515,2.220446049250313e-16,-3.536732425479153,0.1076693917429409,-0.8575541489942606
2024-11-12,0.3140657962356515,2.220446049250313e-16,0.7218547366453595,0.1808391915430844,-0.8698909596972004
2024-11-13,0.3140657962356515,2.220446049250313e-16,0.21361678707146187,0.25196804574959875,-0.6730454413609798
2024-11-14,0.37840452796883256,2.220446049250313e-16,1.7007119654657632,0.5248268502099935,-0.39347328073270743
2024-11-15,0.37840452796883256,2.220446049250313e-16,-0.3837346142130453,0.5802144164291939,-0.6455731544722733
2024-11-18,0.4698816284045049,2.220446049250313e-16,0.5918671875960418,0.41171879569644676,-0.8525933639832524
2024-11-19,0.5778248315584716,2.220446049250313e-16,0.10261080484085151,0.4467012779179436,-1.1683959801118047
2024-11-20,0.5778248315584716,2.220446049250313e-16,-0.5790639770737094,0.47614355790184915,-1.444735235900604
2024-11-21,0.5380748059649901,2.220446049250313e-16,-1.7069604192940888,0.5283252750862887,-1.5237894440085835
2024-11-22,0.5380748059649901,2.220446049250313e-16,-0.38348437810963737,0.3429225165556339,-1.5533004330518003
2024-11-25,0.5380748059649901,2.220446049250313e-16,0.676932516655617,0.29802888154296103,-1.2394935301977383
2024-11-26,0.5380748059649901,2.220446049250313e-16,0.5363452370883337,0.2819942512449626,-1.2054282901441953
2024-11-27,0.5380748059649901,2.220446049250313e-16,1.3659735742694539,0.2537175741675707,-0.7629804522162508
2024-11-29,0.5380748059649901,2.220446049250313e-16,0.10017787020614435,0.26920496545341904,-0.613289326241918
2024-12-02,0.5380748059649901,2.220446049250313e-16,0.7695132094151985,0.2916965160548487,-0.0970941769203364
2024-12-03,0.5380748059649901,2.220446049250313e-16,0.004457964149949136,0.40240183445877453,-0.16942871661939193
2024-12-04,0.5380748059649901,2.220446049250313e-16,-4.6954918931736,0.5192418079051134,-0.2871186515493437
2024-12-05,0.5380748059649901,2.220446049250313e-16,1.5066288039477926,0.6118370331733264,0.4480271152227664
2024-12-06,0.6642606388358486,2.220446049250313e-16,0.06480537684162252,0.4885704677854856,0.2999354030399381
2024-12-09,0.718951088007628,2.220446049250313e-16,1.7436302236211092,0.5910980369071204,0.7483832271615196
2024-12-10,0.8472756796728987,2.220446049250313e-16,0.13089310973438406,0.7789169081193075,1.675609553859535
2024-12-11,0.8472756796728987,2.220446049250313e-16,-0.18209769105310936,0.9217532189503237,1.6547981860523953
2024-12-12,0.861634847578842,2.220446049250313e-16,-0.3394308126189145,1.0251560277628902,1.8467932585241489
2024-12-13,1.0913974460649654,2.220446049250313e-16,0.30474313482091303,1.1887307469397452,1.6940020034712642
2024-12-16,1.0981188582762018,2.220446049250313e-16,0.11235399813457682,1.1516340756959498,2.116705917147774
2024-12-17,1.2881604471524877,2.220446049250313e-16,1.2263733154499477,1.183766351510768,2.434084977948102
2024-12-18,1.2872441036690174,2.220446049250313e-16,0.06643010574121415,1.2553302674084508,2.433579448411259
2024-12-19,1.2762442378694838,2.220446049250313e-16,0.1483087567455657,1.403130804668522,2.3555379045250517
2024-12-20,1.2631065492750102,2.220446049250313e-16,-1.101222120197562,1.3000205632295043,2.447037388586103
2024-12-23,1.221859860525176,2.220446049250313e-16,-0.0030484885373490587,1.2912580994121945,2.3061338576981414
2024-12-24,1.221859860525176,2.220446049250313e-16,0.28567717610645404,1.416568825616825,1.9040087174277893
2024-12-26,1.221859860525176,2.220446049250313e-16,0.29456785257758245,1.0499842656864486,1.725096424346403
2024-12-27,1.0776476138155482,2.220446049250313e-16,-0.3414330394088339,1.0295377336078904,1.3313005121347896
2024-12-30,0.903492743984147,2.220446049250313e-16,-0.21743858710793892,0.8049138442433381,1.4556723197250754
2024-12-31,0.8017505373347675,2.220446049250313e-16,-0.1383971311384639,0.9275952479633133,0.8985465016777552
2025-01-02,0.7125348116243908,2.220446049250313e-16,0.24290303445153125,0.9673202697416249,0.955925502869751
2025-01-03,0.7125348116243908,2.220446049250313e-16,0.27126756834697086,1.0385931994559092,1.2729354174652798
2025-01-06,0.7125348116243908,2.220446049250313e-16,0.9223307583952448,0.7383155845069183,1.1703496406473186
2025-01-07,0.7125348116243908,2.220446049250313e-16,0.24710847683871026,0.6083310269564812,1.6470870675282998
2025-01-08,0.7125348116243908,2.220446049250313e-16,-0.001463888127697246,0.5721111603503747,1.46820189323327
2025-01-10,0.7125348116243908,2.220446049250313e-16,0.7597436174504435,0.40240240410769035,1.163199296824082
2025-01-13,0.6700657075636147,2.220446049250313e-16,-0.3566492541334475,0.5393964108335716,1.0520257527226688
2025-01-14,0.6236251577414856,2.220446049250313e-16,-0.8334438524169983,0.7129028465923932,0.545200654010602
2025-01-15,0.6236251577414856,2.220446049250313e-16,1.6764217325424602,0.5762002416185715,0.6354106226437013
2025-01-16,0.6236251577414856,2.220446049250313e-16,0.01993096715383746,0.597816896037441,0.19082159735714108
2025-01-17,0.6236251577414856,2.220446049250313e-16,-0.14485907286782726,0.40736708328576593,0.006266054971721744
2025-01-21,0.6236251577414856,2.220446049250313e-16,-0.3676104038541686,0.3276248326431589,-0.7884495968965138
2025-01-22,0.6236251577414856,2.220446049250313e-16,1.2136476479718727,0.2817653473311124,-0.8532136788873512
2025-01-23,0.6236251577414856,2.220446049250313e-16,-0.2054315898465261,0.5022997311765355,-0.9178191472082241
2025-01-24,0.6236251577414856,2.220446049250313e-16,-0.13655364923356875,0.6810638572547685,-0.7935727229922885
2025-01-27,0.6236251577414856,2.220446049250313e-16,-2.982727055417062,0.7914784222512385,0.7855276417838107
2025-01-28,0.6236251577414856,2.220446049250313e-16,-0.35143194694500507,0.7164075089057448,0.7501680749287749
2025-01-29,0.8958540522899678,2.220446049250313e-16,0.3217894287694073,1.0201910900948112,0.7847635235664993
2025-01-30,0.6028478414533605,2.220446049250313e-16,-1.5621559795507818,1.1808444647696779,-0.6861354615202873
2025-01-31,0.6028478414533605,2.220446049250313e-16,0.3203787819925122,1.177923679435702,-0.5778475014236513
2025-02-03,0.47849656754838743,2.220446049250313e-16,-0.0955706019093695,0.6550670846504816,-0.553253647235477
2025-02-04,0.47849656754838743,2.220446049250313e-16,-0.4992990351785765,0.8852412222146395,-0.5782593975944783
2025-02-05,0.47849656754838743,2.220446049250313e-16,-0.39347674295655416,1.1487137136253203,-1.0319865700971969
2025-02-06,0.47849656754838743,2.220446049250313e-16,2.7860569462067044,0.3530371825480967,-1.1260195914839468
2025-02-07,0.4427488756988479,2.220446049250313e-16,0.06469786688424162,0.40415514651703155,-1.455753094076276
2025-02-10,0.4427488756988479,2.220446049250313e-16,0.13249425126106196,0.2215929932042736,-2.2017475143824368
2025-02-11,0.4427488756988479,2.220446049250313e-16,0.3726392223935378,0.25313922827473206,-2.0940332223115248
2025-02-12,0.42105615192672474,2.220446049250313e-16,-0.5101964027296172,0.2724182547624801,-1.5519578175882438
2025-02-13,0.42105615192672474,2.220446049250313e-16,-0.3433184697989779,0.37757350933107964,-1.7963322089049918
2025-02-14,0.4024175944330119,2.220446049250313e-16,0.28484811517932906,0.2052356874569664,-1.731335184165985
2025-02-18,0.4024175944330119,2.220446049250313e-16,-0.1785494396428627,0.287607702006054,-2.131643461990836
2025-02-19,0.4024175944330119,2.220446049250313e-16,1.3310533928093164,0.24028707226653273,-1.1380936020084786
2025-02-20,0.4024175944330119,2.220446049250313e-16,1.2366874830134373,0.09628248187798506,-0.3273082676551895
2025-02-21,0.4024175944330119,2.220446049250313e-16,0.4422661435712382,0.154410045795768,0.17790476264203403
2025-02-24,0.29181708877692836,2.220446049250313e-16,-0.23250077973102215,0.14038916720755892,-0.24888069330032742
2025-02-25,0.10506741004503997,2.220446049250313e-16,-0.3142933526098104,0.15849990129559954,-1.8633049444985996
2025-02-26,0.10506741004503997,2.220446049250313e-16,0.03506604681759082,0.19209089282203812,-2.016120299450889
2025-02-27,-0.05933247328510707,2.220446049250313e-16,1.1546510088948039,0.35908980365478277,-1.682017901326839
2025-02-28,-0.05933247328510707,2.220446049250313e-16,0.10944947546909274,0.22299125918836704,-0.15115141103540763
2025-03-03,-0.18301637956626557,2.220446049250313e-16,-0.22224010577285605,-0.027839244293048713,-0.13975133658335503
2025-03-04,-0.18301637956626557,2.220446049250313e-16,1.0254100282092067,-0.10452265191796128,0.2503168564448334
2025-03-05,-0.18301637956626557,2.220446049250313e-16,0.8267251800794263,-0.17623076677436592,0.2270206363762481
2025-03-06,-0.18301637956626557,2.220446049250313e-16,0.5369079618161423,-0.23710812819867813,1.217994704420984
2025-03-07,-0.18301637956626557,2.220446049250313e-16,0.14258175111013416,-0.4010117033601578,0.7061281343306229
2025-03-10,-0.43803505181590285,2.220446049250313e-16,0.13530962153066045,-0.41301222235086343,1.1574859860929425
2025-03-11,-0.43803505181590285,2.220446049250313e-16,-0.6743107243383801,-0.5640372592738299,1.8291751278993111
2025-03-12,-0.43803505181590285,2.220446049250313e-16,-0.938297135398713,-0.33545070883575906,1.2148382164404077
2025-03-13,-0.4805902678281388,2.220446049250313e-16,1.6974825505886517,-0.2221820087971017,1.050453604334787
2025-03-14,-0.4805902678281388,2.220446049250313e-16,-0.07408141939764508,-0.4311581291343596,1.3228733307053442
2025-03-17,-0.4805902678281388,2.220446049250313e-16,-0.17970142476574028,-0.6746713652985772,1.00159907992439
2025-03-18,-0.4805902678281388,2.220446049250313e-16,-0.2620360045575256,-0.683745028087004,1.6002127334578895
2025-03-19,-0.4805902678281388,2.220446049250313e-16,0.48069814040759024,-0.6240368815710714,1.4454142029112849
2025-03-20,-0.4805902678281388,2.220446049250313e-16,-0.019354250513874967,-0.6679397181179637,0.9215195158731088
2025-03-21,-0.4805902678281388,2.220446049250313e-16,0.32613727983374147,-0.6076469395127791,0.7529893900962457
2025-03-24,-0.4805902678281388,2.220446049250313e-16,-0.6710123529931811,-0.4302799474681929,0.8896634800634287
2025-03-25,-0.4805902678281388,2.220446049250313e-16,-0.15510083817814008,-0.561109917965343,1.1268034422699942
2025-03-26,-0.4805902678281388,2.220446049250313e-16,0.7001338706501656,-0.47623146170929725,1.7215503920351274
2025-03-27,-0.3351705817991272,2.220446049250313e-16,0.680921873792878,-0.49730551962392355,1.5714493318265224
2025-03-28,-0.4796720523457237,2.220446049250313e-16,-0.05412983268158731,-0.5113543266616304,1.5720874461066556
2025-03-31,-0.584066881499858,2.220446049250313e-16,-0.10862494265451417,-0.30618207379563017,1.5145258588133115
2025-04-01,-0.584066881499858,2.220446049250313e-16,0.6004161621489099,-0.22335199785809423,1.180369563628131
2025-04-02,-0.584066881499858,2.220446049250313e-16,-0.2103806269769382,-0.3424744165689792,0.7388529991855615
2025-04-03,-0.6538690421533825,2.220446049250313e-16,1.8490800779407472,-0.3767192086446312,0.4782157827060751
2025-04-04,-1.0601246371529387,2.220446049250313e-16,1.0899337583442066,-0.6831600517999521,1.3518958006988688
2025-04-07,-1.120741834983895,2.220446049250313e-16,-0.9415281424377829,-0.9667710243518184,1.2933590268124817
2025-04-08,-1.2217698740358405,2.220446049250313e-16,-0.37060355607016543,-0.7914522249995429,1.0307617917789234
2025-04-09,-1.2217698740358405,2.220446049250313e-16,0.7626907186171862,-0.6922327002509644,1.2724895696616647
2025-04-10,-1.2217698740358405,2.220446049250313e-16,0.6859300613572,-0.9050140852111145,1.3888675856292254
2025-04-11,-1.2217698740358405,2.220446049250313e-16,0.988776925831623,-1.1938932162597298,1.5352205129624228
2025-04-14,-1.2217698740358405,2.220446049250313e-16,0.047870922625073746,-1.6238464861130126,1.698208255378562
2025-04-15,-1.2217698740358405,2.220446049250313e-16,-0.29797423114747557,-1.4640412196066321,1.482796769430009
2025-04-16,-1.2217698740358405,2.220446049250313e-16,-0.7831977525486739,-1.3806264408781455,1.5281646640427875
2025-04-17,-1.2217698740358405,2.220446049250313e-16,0.04306512938615599,-0.9503808778049899,1.5645380030319345
2025-04-21,-1.2217698740358405,2.220446049250313e-16,1.0806501019411692,-0.6257928794867738,1.6550812398939299
2025-04-22,-1.2217698740358405,2.220446049250313e-16,-0.3912679740632477,-0.4700858735255382,1.6307764144370234
2025-04-23,-1.082167424727736,2.220446049250313e-16,-0.3791719558636346,-0.47154884686512655,1.324044699134066
2025-04-24,-1.082167424727736,2.220446049250313e-16,-1.0633479302538213,-0.9445267107695978,0.8170822319432489
2025-04-25,-1.082167424727736,2.220446049250313e-16,0.03451838359233518,-0.9770142236250399,0.6781136214581439
2025-04-28,-1.082167424727736,2.220446049250313e-16,0.3639406822640032,-1.305406084069637,0.45288770007719764
2025-04-29,-1.082167424727736,2.220446049250313e-16,0.011416263906883283,-1.18277185405042,0.50792416345638
2025-04-30,-1.082167424727736,2.220446049250313e-16,0.019661800896823456,-0.797599558792241,0.5172729243614079
2025-05-01,-1.082167424727736,2.220446049250313e-16,3.7095037795916186,-0.7340864883601101,1.4354882366446546
2025-05-02,-1.082167424727736,2.220446049250313e-16,0.13510566346660072,-0.4586702359751645,0.8025094367712556
2025-05-05,-0.8464340856072333,2.220446049250313e-16,0.585195994804855,-0.3989627626719142,0.5650752661492381
2025-05-06,-0.6146815522428077,2.220446049250313e-16,-0.41593563373102743,-0.28949916632283906,0.5774153605999496
2025-05-07,-0.21944735103065022,2.220446049250313e-16,-0.8369275550184779,-0.4633535042019328,0.27732574697153634
2025-05-08,-0.10127460964292723,2.220446049250313e-16,0.3245415487255861,0.7208468824196393,0.6122068450211262
2025-05-09,-0.10127460964292723,2.220446049250313e-16,0.871356016333039,0.8698233329830082,0.38248968800306893
2025-05-12,-0.013104395343210631,2.220446049250313e-16,-1.1805699046195082,0.9318717745467068,-0.2446220616809856
2025-05-13,0.024245727603061522,2.220446049250313e-16,-0.03128122712953535,0.9043605037749026,-0.420623396711269
2025-05-14,0.9469699194766876,2.220446049250313e-16,0.19240504658555674,0.9026039342759653,-0.3625422982524695
2025-05-15,1.1891317029735684,2.220446049250313e-16,0.1505458288349019,1.0357753301310444,0.023055921242336744
2025-05-16,1.1891317029735684,2.220446049250313e-16,0.10031833448616707,1.042214977936099,-0.013636251065490523
2025-05-19,1.1891317029735684,2.220446049250313e-16,1.1438955012206118,1.156361064622368,-0.09385878061834363
2025-05-20,1.1903569262829277,2.220446049250313e-16,-0.10773384947608095,1.319679229377936,0.02171459465281914
2025-05-21,1.3379191151042413,2.220446049250313e-16,0.4310328043334023,1.4010456015863682,0.27528095049806495
2025-05-22,1.355063817440019,2.220446049250313e-16,0.09272049637793196,1.4922726962526625,0.4881123293904311
2025-05-23,1.6737622777942742,2.220446049250313e-16,1.3324399033816936,1.44242555180642,0.4043923389952507
2025-05-27,1.6737622777942742,2.220446049250313e-16,0.4627158324169798,1.5031217543132718,0.39047024545301184
2025-05-28,1.7309022375852996,2.220446049250313e-16,-0.10887750364004016,1.6063363495741532,0.10317153934420077
2025-05-29,1.7309022375852996,2.220446049250313e-16,1.8220538794623866,1.5327374278182146,0.16985137586871746
2025-05-30,1.7309022375852996,2.220446049250313e-16,0.5117260082544748,1.5940206463336246,-0.5484153065546973
2025-06-02,1.7309022375852996,2.220446049250313e-16,0.9163694007399334,1.4477033268345851,-0.41736746581193296
2025-06-03,1.7309022375852996,2.220446049250313e-16,-0.390859858535471,1.6591158895387572,-0.743011116087751
2025-06-04,1.7309022375852996,2.220446049250313e-16,0.3822646995001892,1.6828667720069768,-0.6906280142180475
2025-06-05,1.7309022375852996,2.220446049250313e-16,-0.298748364596942,1.6353650070705377,-0.6730324083667841
2025-06-06,1.7309022375852996,2.220446049250313e-16,-1.0398861454985233,1.6421094272786219,-0.8819632130654618
