date,open,high,low,close,adj_close,volume,Close
2023-06-08,300.80981793502855,300.80981793502855,296.78443766718874,297.3843688964844,297.3843688964844,1870300,297.3843688964844
2023-06-09,299.126136018789,301.100127102958,296.71672526678043,298.7294006347656,298.7294006347656,2202600,298.7294006347656
2023-06-12,297.8681808919839,301.7581070108046,297.5875869561386,301.40008544921875,301.40008544921875,2642300,301.40008544921875
2023-06-13,305.11582426176864,307.1962414400199,303.24828876636104,304.96099853515625,304.96099853515625,3981900,304.96099853515625
2023-06-14,305.79316392007104,308.0574348795071,303.16118553876277,304.85455322265625,304.85455322265625,2421100,304.85455322265625
2023-06-15,308.8509004914873,314.5599626809663,305.13517157972484,313.2923583984375,313.2923583984375,3288900,313.2923583984375
2023-06-16,315.3727883153865,317.31772183832635,308.7638000817033,309.1992492675781,309.1992492675781,5266300,309.1992492675781
2023-06-20,306.99308596670517,310.2637097377997,304.8158987317449,307.1285400390625,307.1285400390625,3349400,307.1285400390625
2023-06-21,306.24796319137613,307.38979930195035,302.9579975122393,303.064453125,303.064453125,3121400,303.064453125
2023-06-22,288.55951462142576,297.6166277747083,286.4210414653682,297.3069763183594,297.3069763183594,4889000,297.3069763183594
2023-06-23,290.3109418371265,292.8945500676035,288.06604257561287,288.77239990234375,288.77239990234375,4233800,288.77239990234375
2023-06-26,286.99196008260077,291.1237667237417,286.9145619793665,287.7854309082031,287.7854309082031,2826900,287.7854309082031
2023-06-27,287.5048497422354,291.28832118084716,286.52752505632975,291.075439453125,291.075439453125,2054200,291.075439453125
2023-06-28,290.7560701491758,292.3720101465802,288.143434000454,291.9559326171875,291.9559326171875,2061700,291.9559326171875
2023-06-29,291.6462913197659,300.5195509803806,290.3883728517565,298.3520202636719,298.3520202636719,2739400,298.3520202636719
2023-06-30,299.47451846200136,302.5709743895339,298.3520539265206,298.5939636230469,298.5939636230469,2668500,298.5939636230469
2023-07-03,298.03272800964487,301.19689601713253,297.46182470413436,300.9066162109375,300.9066162109375,1172800,300.9066162109375
2023-07-05,296.23294467437705,301.8839514989753,295.15885029331935,299.8712463378906,299.8712463378906,1924800,299.8712463378906
2023-07-06,296.98768380051655,298.4681698353185,294.7911250449025,298.0036926269531,298.0036926269531,1375800,298.0036926269531
2023-07-07,296.8037839172151,301.18718537999405,295.40069620372685,295.86517333984375,295.86517333984375,1902800,295.86517333984375
2023-07-10,295.3330006835574,299.1067857244898,294.2782780394243,298.4681701660156,298.4681701660156,1684500,298.4681701660156
2023-07-11,298.46816151385997,300.74208877915197,295.93292337678764,299.6970520019531,299.6970520019531,1347800,299.6970520019531
2023-07-12,303.3291270445392,305.6016155339478,301.7850013903446,304.82470703125,304.82470703125,1788200,304.82470703125
2023-07-13,305.91246070090807,307.35946571366355,305.21323103381934,306.11639404296875,306.11639404296875,1822700,306.11639404296875
2023-07-14,306.9515497037247,308.71905074999773,305.9221325310957,306.6601867675781,306.6601867675781,1295500,306.6601867675781
2023-07-17,306.5727814338947,311.477109220504,305.9221271984496,310.55450439453125,310.55450439453125,2033400,310.55450439453125
2023-07-18,310.302000217872,313.42910604487366,310.1854668986433,313.1280517578125,313.1280517578125,1574500,313.1280517578125
2023-07-19,313.6815964446446,314.8372678551503,309.50566134993585,309.6027526855469,309.6027526855469,2170900,309.6027526855469
2023-07-20,307.1263308284379,307.1263308284379,301.7558700076595,303.45538330078125,303.45538330078125,2097000,303.45538330078125
2023-07-21,304.1546017017187,307.35938622538407,303.53305120853145,305.7181396484375,305.7181396484375,3265700,305.7181396484375
2023-07-24,305.53363560003777,307.71872416082164,303.6593223030394,304.2517395019531,304.2517395019531,1341500,304.2517395019531
2023-07-25,304.42653815668854,310.18545331460695,303.9895085915586,308.42767333984375,308.42767333984375,2163900,308.42767333984375
2023-07-26,307.26231190021076,309.36969182653183,305.31028996862676,307.37884521484375,307.37884521484375,1512500,307.37884521484375
2023-07-27,310.7681734269836,314.2254669853858,308.777326670832,309.6222229003906,309.6222229003906,2981200,309.6222229003906
2023-07-28,310.50596488072676,312.8561325305977,304.9121284295271,306.446533203125,306.446533203125,1920900,306.446533203125
2023-07-31,305.91242106404525,309.1949146415356,305.91242106404525,307.2234802246094,307.2234802246094,1351400,307.2234802246094
2023-08-01,306.339713526,312.1083498186723,305.18404206970354,311.7101745605469,311.7101745605469,1913800,311.7101745605469
2023-08-02,308.3791464922906,311.66164001390314,307.55366261730893,308.6122131347656,308.6122131347656,1799700,308.6122131347656
2023-08-03,306.96129207614524,309.1755144279454,305.08697838776544,307.98101806640625,307.98101806640625,1355900,307.98101806640625
2023-08-04,306.4756682254553,308.7093322049492,302.2705995119535,302.99896240234375,302.99896240234375,2140600,302.99896240234375
2023-08-07,305.0286470529648,307.0098023068386,303.04749179909106,306.7572937011719,306.7572937011719,1530600,306.7572937011719
2023-08-08,303.9021196500246,306.2037415991221,300.6876138575573,306.0580749511719,306.0580749511719,1550300,306.0580749511719
2023-08-09,305.50450812618027,306.09692533644727,301.2605852265158,302.5425109863281,302.5425109863281,1504500,302.5425109863281
2023-08-10,302.5133538612488,305.7375803475837,299.9592235313256,301.4548034667969,301.4548034667969,1862400,301.4548034667969
2023-08-11,299.0852341737011,301.54224386414467,297.2983207294842,300.1340637207031,300.1340637207031,1351200,300.1340637207031
2023-08-14,299.1532400748706,303.4554301336488,298.88131909149143,302.71734619140625,302.71734619140625,1334200,302.71734619140625
2023-08-15,301.8821585445136,302.51340048325784,297.65764766651216,298.53167724609375,298.53167724609375,1256100,298.53167724609375
2023-08-16,296.7350094600226,301.44509509086544,296.45339716702733,298.7647399902344,298.7647399902344,1212500,298.7647399902344
2023-08-17,299.44453726005065,300.28943344082126,295.9775229125373,296.82244873046875,296.82244873046875,1653700,296.82244873046875
2023-08-18,294.1032269186472,296.04552800486505,292.6173677731771,294.2003479003906,294.2003479003906,1997100,294.2003479003906
2023-08-21,295.4434153865992,298.42485462626,294.2974648742558,297.6673583984375,297.6673583984375,1072400,297.6673583984375
2023-08-22,300.66818998330615,301.95980706180035,298.9880890089651,299.9883728027344,299.9883728027344,1139700,299.9883728027344
2023-08-23,301.0567043008843,307.5537045808025,300.32834130660797,306.2426452636719,306.2426452636719,1486100,306.2426452636719
2023-08-24,307.27198928519255,308.6801692597095,304.5916342589827,305.07720947265625,305.07720947265625,2077500,305.07720947265625
2023-08-25,307.53423339361,310.5156428221407,305.09663622194694,309.5639343261719,309.5639343261719,1451500,309.5639343261719
2023-08-28,309.56394881619104,312.94353365339055,309.544506838034,311.65191650390625,311.65191650390625,1236400,311.65191650390625
2023-08-29,311.14690384929423,315.01206363459863,310.3408323868916,314.1186218261719,314.1186218261719,1525000,314.1186218261719
2023-08-30,314.4682498833154,314.57509185264587,312.2346155253244,313.9244079589844,313.9244079589844,1470400,313.9244079589844
2023-08-31,315.49765378673123,316.8184338596087,314.37111566600544,314.42938232421875,314.42938232421875,1986300,314.42938232421875
2023-09-01,316.64360438048027,319.23658922070337,315.7210292002754,318.28485107421875,318.28485107421875,1732700,318.28485107421875
2023-09-05,318.2848625478466,319.3919883685955,315.1189319998796,316.7504577636719,316.7504577636719,1736600,316.7504577636719
2023-09-06,314.895566795527,318.2848727414464,314.3711371985259,316.88641357421875,316.88641357421875,1247900,316.88641357421875
2023-09-07,314.55566319136443,319.5473913390016,313.90500890731886,318.73162841796875,318.73162841796875,1533000,318.73162841796875
2023-09-08,320.0232214218063,320.9069719286879,315.16746894695893,316.0803527832031,316.0803527832031,1416800,316.0803527832031
2023-09-11,318.04207011485374,318.7607416434421,315.12861859329206,316.46881103515625,316.46881103515625,1551300,316.46881103515625
2023-09-12,312.17637925338335,313.1863545613642,304.07695698632375,305.8056335449219,305.8056335449219,3205000,305.8056335449219
2023-09-13,305.16459603678595,307.5730300229278,303.8923914038719,304.85382080078125,304.85382080078125,2496200,304.85382080078125
2023-09-14,306.52424675765036,307.8449972536113,304.2614494242284,307.45654296875,307.45654296875,1904000,307.45654296875
2023-09-15,307.10694066623506,307.5536616085676,302.47453370210377,303.513671875,303.513671875,3335400,303.513671875
2023-09-18,302.99892993323385,307.61189441138407,302.0277795167812,306.7669982910156,306.7669982910156,1350700,306.7669982910156
2023-09-19,302.1249223341918,308.6122004723087,302.02780135809144,308.1751708984375,308.1751708984375,1898800,308.1751708984375
2023-09-20,309.55424742955864,313.9924126938601,307.3206129500304,307.6604919433594,307.6604919433594,1693100,307.6604919433594
2023-09-21,305.2617300748049,307.3885520857174,302.6784957709233,302.99896240234375,302.99896240234375,1911600,302.99896240234375
2023-09-22,304.9801309846902,309.4668418420647,303.9021384488533,306.9709777832031,306.9709777832031,1994400,306.9709777832031
2023-09-25,306.4562326768672,309.4862173294877,305.7958574858416,307.844970703125,307.844970703125,2054600,307.844970703125
2023-09-26,303.6981908537025,305.41711659936885,299.82330977486663,301.6490478515625,301.6490478515625,2343600,301.6490478515625
2023-09-27,303.20289308277773,305.8929989690643,301.6879006548824,305.310302734375,305.310302734375,2435400,305.310302734375
2023-09-28,293.0446641874072,297.84215004168016,285.9941020539693,292.0929260253906,292.0929260253906,4326800,292.0929260253906
2023-09-29,295.56964491552543,300.37682185309507,294.13233158243054,298.25,298.25,3171700,298.25
2023-10-02,298.6967860641267,299.56109465470894,296.30773433807536,299.36688232421875,299.36688232421875,2063300,299.36688232421875
2023-10-03,298.2014581018239,302.56191418662564,296.7350114222253,297.3954162597656,297.3954162597656,2454800,297.3954162597656
2023-10-04,301.77526271525704,302.02777130055637,298.01691544777094,300.4642333984375,300.4642333984375,2153800,300.4642333984375
2023-10-05,299.90092621744225,301.4547726479058,296.56016676494994,300.7264099121094,300.7264099121094,2095400,300.7264099121094
2023-10-06,299.38626973443587,306.01921449343337,297.87127735182406,303.1834716796875,303.1834716796875,2441500,303.1834716796875
2023-10-09,300.8818450963816,304.05749645723415,299.46394407440414,303.0086669921875,303.0086669921875,1407600,303.0086669921875
2023-10-10,304.3197286729523,306.33001746764484,302.57166950018865,303.30975341796875,303.30975341796875,1904600,303.30975341796875
2023-10-11,304.5676861514834,306.9373622185675,302.2565184001238,304.7822265625,304.7822265625,1298000,304.7822265625
2023-10-12,304.05086506804736,304.05086506804736,296.65899653398714,296.8052673339844,296.8052673339844,2295500,296.8052673339844
2023-10-13,294.7964393189491,298.4046115588252,292.6510645428779,294.3381042480469,294.3381042480469,1672500,294.3381042480469
2023-10-16,296.47371323751247,300.1891403950714,294.45511665716504,297.7609558105469,297.7609558105469,1491600,297.7609558105469
2023-10-17,295.2644976362169,302.13949305343306,294.9134477174177,300.5987243652344,300.5987243652344,1576200,300.5987243652344
2023-10-18,299.1066766830601,301.6908931164628,295.7813152498594,296.2298889160156,296.2298889160156,1373800,296.2298889160156
2023-10-19,297.36115834114537,299.37978487998777,294.0943045736628,295.4205627441406,295.4205627441406,1384700,295.4205627441406
2023-10-20,294.8744553835554,295.4010600631473,288.58454267089866,289.62799072265625,289.62799072265625,2385700,289.62799072265625
2023-10-23,287.6776184286686,291.08098140820863,287.38507682243494,287.6191101074219,287.6191101074219,1314900,287.6191101074219
2023-10-24,288.9160645025292,290.60313367676474,286.7511674840642,288.74053955078125,288.74053955078125,1849200,288.74053955078125
2023-10-25,286.24409919791697,288.1652017332083,283.8939158088492,285.4151916503906,285.4151916503906,2174900,285.4151916503906
2023-10-26,286.5171315229533,288.5552505815346,283.162515818472,284.79107666015625,284.79107666015625,2692500,284.79107666015625
2023-10-27,284.68383102898315,285.7662945581104,281.2999606971597,282.84075927734375,282.84075927734375,1480300,282.84075927734375
2023-10-30,284.4985302310524,286.5269179212029,282.4701723009843,285.4347229003906,285.4347229003906,1843500,285.4347229003906
2023-10-31,285.8052541025829,289.9010150247247,285.8052541025829,289.7157287597656,289.7157287597656,1953400,289.7157287597656
2023-11-01,290.76895103018774,294.6793961021232,290.76895103018774,293.1776428222656,293.1776428222656,1973000,293.1776428222656
2023-11-02,296.1324284589653,301.2130994294953,293.8212307255738,300.4719543457031,300.4719543457031,2152800,300.4719543457031
2023-11-03,301.95420573302323,308.86821591122487,301.33983867773946,305.7086181640625,305.7086181640625,2145600,305.7086181640625
2023-11-06,304.56769641422665,306.3815137829664,303.31946936990937,305.3185729980469,305.3185729980469,1426200,305.3185729980469
2023-11-07,305.2308121903002,310.46751497329404,304.94800214650263,307.366455078125,307.366455078125,1860400,307.366455078125
2023-11-08,309.0048123998616,311.53052119160196,307.5518059305037,309.9312438964844,309.9312438964844,1815000,309.9312438964844
2023-11-09,309.4046063131603,309.5118914140511,305.66968607823924,306.4205627441406,306.4205627441406,1574900,306.4205627441406
2023-11-10,307.7077766500993,312.32035107560273,306.94713874787567,311.7547607421875,311.7547607421875,1433500,311.7547607421875
2023-11-13,308.1661352972609,309.09253691997867,306.50832011543315,307.7955627441406,307.7955627441406,1448600,307.7955627441406
2023-11-14,311.8815288011494,314.19269659388345,310.9160820542516,312.5348815917969,312.5348815917969,1823700,312.5348815917969
2023-11-15,311.68647914085705,317.63507263997593,310.8283174872032,317.4205322265625,317.4205322265625,2347100,317.4205322265625
2023-11-16,318.9808331152333,321.4870485297696,317.986132186463,319.19537353515625,319.19537353515625,2142100,319.19537353515625
2023-11-17,319.52698534695674,320.7654513068754,318.1227259504719,319.6927490234375,319.6927490234375,1561500,319.6927490234375
2023-11-20,318.35669889514025,323.8079420108274,318.1226656267996,322.6864929199219,322.6864929199219,1413900,322.6864929199219
2023-11-21,323.0765418810501,324.18825936937395,320.5996105566793,322.0623779296875,322.0623779296875,1602800,322.0623779296875
2023-11-22,325.94357862496514,327.2015669383736,324.54908082766445,324.86114501953125,324.86114501953125,1425700,324.86114501953125
2023-11-24,324.88064270729456,326.58720472186394,323.84695609641886,325.7485656738281,325.7485656738281,708500,325.7485656738281
2023-11-27,325.5340706521795,326.1289152096523,323.94452504963107,324.1785583496094,324.1785583496094,1586900,324.1785583496094
2023-11-28,323.36916543205786,324.91969552662977,321.7991127229097,324.3053283691406,324.3053283691406,1377800,324.3053283691406
2023-11-29,326.68471745331016,327.4648481581224,324.5198205233657,325.06591796875,325.06591796875,1307300,325.06591796875
2023-11-30,325.9045972537629,326.68472798372204,323.9152252042636,324.87091064453125,324.87091064453125,4298100,324.87091064453125
2023-12-01,325.5144932708492,330.09784302485656,324.8903946558807,329.66876220703125,329.66876220703125,1688000,329.66876220703125
2023-12-04,326.8700424864366,330.40018344868867,325.87537125577273,328.0792541503906,328.0792541503906,2349500,328.0792541503906
2023-12-05,326.3239140223618,328.9568775338066,325.03667154472413,327.4941101074219,327.4941101074219,1516500,327.4941101074219
2023-12-06,329.38597076164353,331.03402450489546,326.665244673385,327.0845642089844,327.0845642089844,1502100,327.0845642089844
2023-12-07,328.2060397279862,328.2060397279862,325.9241258445534,326.78228759765625,326.78228759765625,1870200,326.78228759765625
2023-12-08,326.7823011963407,329.32750263990283,326.2556965059166,328.85943603515625,328.85943603515625,1274500,328.85943603515625
2023-12-11,326.88952132684716,333.8913243894729,326.8797897803527,333.81329345703125,333.81329345703125,1814100,333.81329345703125
2023-12-12,333.4427561112576,334.72999879163837,332.7308948980818,334.70074462890625,334.70074462890625,1935300,334.70074462890625
2023-12-13,334.8762579910987,336.63159697439846,331.4338794152842,335.1103210449219,335.1103210449219,2461000,335.1103210449219
2023-12-14,334.2326014192042,336.8168477253642,332.2822448168675,334.2228698730469,334.2228698730469,2551300,334.2228698730469
2023-12-15,330.0393752483337,338.34788438115044,327.90373220277155,335.6076354980469,335.6076354980469,3880200,335.6076354980469
2023-12-18,334.15460763677413,335.4418501651929,332.18475813849506,333.3647155761719,333.3647155761719,3208000,333.3647155761719
2023-12-19,324.4711077620451,336.24148799767045,323.77870969635745,333.0331726074219,333.0331726074219,3252800,333.0331726074219
2023-12-20,336.9826066051507,338.02605451506304,330.7902185282915,331.0730285644531,331.0730285644531,3406200,331.0730285644531
2023-12-21,331.72645755900754,340.8248591597362,331.72645755900754,340.0934753417969,340.0934753417969,3304200,340.0934753417969
2023-12-22,341.3124219840894,346.01278876640407,339.27430280687986,345.6519775390625,345.6519775390625,2313900,345.6519775390625
2023-12-26,345.349685674508,346.12005516721774,342.7849617742637,344.65728759765625,344.65728759765625,1535700,344.65728759765625
2023-12-27,345.70071176630205,346.55887344287777,342.90195477116094,345.03759765625,345.03759765625,1309700,345.03759765625
2023-12-28,345.34963741587563,345.7006872986757,342.53135800750306,342.8629150390625,342.8629150390625,1300800,342.8629150390625
2023-12-29,343.0579907879331,344.15018574873903,340.7565544690229,342.1998291015625,342.1998291015625,1233500,342.1998291015625
2024-01-02,339.54736476295807,341.6049768735529,336.7193533942352,338.30889892578125,338.30889892578125,2319500,338.30889892578125
2024-01-03,334.02784559459906,335.237057249119,329.1519537488483,329.53228759765625,329.53228759765625,3060900,329.53228759765625
2024-01-04,329.5322845776696,331.36559489640166,328.17677237213405,328.7228698730469,328.7228698730469,2750600,328.7228698730469
2024-01-05,329.61024658841717,331.31680851601993,327.2113164401518,328.2644958496094,328.2644958496094,1510800,328.2644958496094
2024-01-08,326.6847070218404,332.0189331298837,326.6847070218404,331.90191650390625,331.90191650390625,1909500,331.90191650390625
2024-01-09,330.8487695314936,334.2521624304055,329.6395578223568,334.2424011230469,334.2424011230469,1625900,334.2424011230469
2024-01-10,336.02694752592987,337.0509026640366,334.2716383750069,336.7583312988281,336.7583312988281,1569100,336.7583312988281
2024-01-11,334.9737459987173,339.7813678745621,334.5349038597525,339.3327941894531,339.3327941894531,1785800,339.3327941894531
2024-01-12,341.31242462779693,348.7822944065751,340.0544362156316,347.48529052734375,347.48529052734375,2405900,347.48529052734375
2024-01-16,343.6236341049875,347.6316331081761,342.3948997045802,345.75927734375,345.75927734375,2097500,345.75927734375
2024-01-17,344.33028773416896,349.7329181840058,344.33028773416896,346.13116455078125,346.13116455078125,1917100,346.13116455078125
2024-01-18,348.4507823936559,352.13085201072874,347.6188778178596,351.9057312011719,351.9057312011719,2064100,351.9057312011719
2024-01-19,353.84366139605714,357.06372245182075,352.4636352293013,356.16326904296875,356.16326904296875,2506200,356.16326904296875
2024-01-22,356.26111764929294,360.8122495795784,355.77174798219227,359.4028625488281,359.4028625488281,2302500,359.4028625488281
2024-01-23,359.5496423142405,362.133528312716,357.8662394512212,361.9964904785156,361.9964904785156,1693100,361.9964904785156
2024-01-24,363.1122737498775,364.3259009019841,360.0096570825937,361.0569152832031,361.0569152832031,2250100,361.0569152832031
2024-01-25,364.4629658209667,367.74174863421115,362.25100532050095,364.0323181152344,364.0323181152344,2227400,364.0323181152344
2024-01-26,364.0127204815856,366.18552284404194,361.94756510124887,363.1807861328125,363.1807861328125,1404800,363.1807861328125
2024-01-29,362.6424740573259,367.44808759628177,362.211826376569,365.4123229980469,365.4123229980469,1683100,365.4123229980469
2024-01-30,366.0485225398582,367.27194674620796,363.09274041006887,363.4059143066406,363.4059143066406,1849500,363.4059143066406
2024-01-31,363.1122960979971,364.79572896198863,355.71302905757597,356.1436767578125,356.1436767578125,2320100,356.1436767578125
2024-02-01,356.26110823459544,363.31781028445283,355.72281356251153,363.0242004394531,363.0242004394531,1500000,363.0242004394531
2024-02-02,364.277022515636,366.8413149846279,361.6246470842081,365.0208740234375,365.0208740234375,1590500,365.0208740234375
2024-02-05,364.5803890649272,366.048498014182,361.2233204361321,362.46630859375,362.46630859375,1787300,362.46630859375
2024-02-06,362.6424679472857,363.80717008215197,354.6951097579057,356.94622802734375,356.94622802734375,4012000,356.94622802734375
2024-02-07,357.2398225560738,362.05523275853227,356.3785272459795,358.854736328125,358.854736328125,2531800,358.854736328125
2024-02-08,359.8628951004648,361.6148469881439,359.11907346788666,360.6459045410156,360.6459045410156,1679800,360.6459045410156
2024-02-09,361.3994737243145,364.5608123040917,360.127124626882,363.7680358886719,363.7680358886719,1482600,363.7680358886719
2024-02-12,361.63439526491044,362.52505166355076,358.39477038448786,359.6181945800781,359.6181945800781,1325000,359.6181945800781
2024-02-13,353.7261759753848,357.98369792794466,352.34614997041695,355.0964050292969,355.0964050292969,1696900,355.0964050292969
2024-02-14,358.4534979866216,363.29826982475794,358.4534979866216,363.0927429199219,363.0927429199219,2114600,363.0927429199219
2024-02-15,364.6684755066378,366.5965931398566,362.27058212116475,363.6114501953125,363.6114501953125,2358800,363.6114501953125
2024-02-16,364.38462536635745,365.49060554198604,360.5186230958558,361.6246032714844,361.6246032714844,2410200,361.6246032714844
2024-02-20,362.016116008107,362.1335599512526,353.7555534943132,355.23345947265625,355.23345947265625,1631000,355.23345947265625
2024-02-21,352.67892781770377,354.6755644211169,351.3380597099289,353.23681640625,353.23681640625,1758000,353.23681640625
2024-02-22,361.85951844645695,364.2770058675723,360.56757531892663,363.41571044921875,363.41571044921875,1614600,363.41571044921875
2024-02-23,366.0387243143581,369.9341177265713,364.90338307056595,369.2979431152344,369.2979431152344,1614500,369.2979431152344
2024-02-26,368.8476853411926,372.2145509873213,368.8476853411926,369.45452880859375,369.45452880859375,1455000,369.45452880859375
2024-02-27,368.9847403227962,371.6762735744877,366.9293816841172,369.8753967285156,369.8753967285156,1083200,369.8753967285156
2024-02-28,370.1983552655472,371.4217794301767,367.2327762852357,369.9928283691406,369.9928283691406,1264200,369.9928283691406
2024-02-29,372.31246132579,372.31246132579,366.19534008335535,366.81195068359375,366.81195068359375,3329500,366.81195068359375
2024-03-01,367.8102330005449,373.8784288721496,367.8102330005449,372.889892578125,372.889892578125,2109900,372.889892578125
2024-03-04,374.18180348271795,378.7525289616151,373.4966740543495,375.5520324707031,375.5520324707031,1642900,375.5520324707031
2024-03-05,373.42823875509265,375.99253120214036,366.00937738223456,368.8673095703125,368.8673095703125,1539400,368.8673095703125
2024-03-06,371.92096633738646,374.9159064662871,369.7677277426678,372.7333068847656,372.7333068847656,1451200,372.7333068847656
2024-03-07,376.4720606501816,379.27127054185615,375.54227624908106,378.68402099609375,378.68402099609375,1564300,378.68402099609375
2024-03-08,378.46870033472646,379.2712737250459,369.6992046156653,370.1298522949219,370.1298522949219,1641100,370.1298522949219
2024-03-11,366.4204058134351,367.5753109618871,359.26582427334034,365.2850646972656,365.2850646972656,2220000,365.2850646972656
2024-03-12,367.02727492424543,374.2895344129992,366.88046998802696,372.3907775878906,372.3907775878906,1793700,372.3907775878906
2024-03-13,371.4315367403936,373.07581147366903,369.6795851603705,370.6681213378906,370.6681213378906,1635800,370.6681213378906
2024-03-14,372.8801027597693,373.37923948330695,368.55406198700996,370.1689758300781,370.1689758300781,1706700,370.1689758300781
2024-03-15,360.94929937458653,367.1643003262978,359.07010664844705,366.6357727050781,366.6357727050781,3865400,366.6357727050781
2024-03-18,370.70731453093236,370.88348044009314,364.2671930765766,364.7467956542969,364.7467956542969,2164400,364.7467956542969
2024-03-19,365.5493381634517,370.28643287626903,363.14164780546577,370.041748046875,370.041748046875,2062800,370.041748046875
2024-03-20,369.9928276485162,373.16393351905816,367.22300848744163,372.3515930175781,372.3515930175781,2877600,372.3515930175781
2024-03-21,356.2513166949262,361.184171247124,335.0028943514241,337.6944274902344,337.6944274902344,9574800,337.6944274902344
2024-03-22,342.88173638935996,343.0187742325829,328.6508880344751,330.32452392578125,330.32452392578125,5899300,330.32452392578125
2024-03-25,328.8662198950698,328.8662198950698,322.68058000929756,326.7227783203125,326.7227783203125,5320000,326.7227783203125
2024-03-26,328.0147349368344,330.65731338014353,327.2317255001548,329.2381591796875,329.2381591796875,3006500,329.2381591796875
2024-03-27,330.6964358962245,335.08116879693034,330.6964358962245,333.6913757324219,333.6913757324219,3295200,333.6913757324219
2024-03-28,334.16118472463637,339.60297283949456,333.59349920451456,339.2408142089844,339.2408142089844,3614900,339.2408142089844
2024-04-01,337.52801391908804,337.6650517553523,330.88239571033233,331.9590148925781,331.9590148925781,2320200,331.9590148925781
2024-04-02,329.51213632529704,331.67514157251,325.92015035481245,329.30657958984375,329.30657958984375,2453300,329.30657958984375
2024-04-03,329.0912837791324,330.0210980365021,324.8337918342088,325.2154846191406,325.2154846191406,1975700,325.2154846191406
2024-04-04,327.0163621101247,330.8040783291517,323.1503598912706,323.4439697265625,323.4439697265625,2273000,323.4439697265625
2024-04-05,324.481448524928,326.72276995142545,323.30694938271216,325.9201965332031,325.9201965332031,3694700,325.9201965332031
2024-04-08,326.92829647526304,327.87767481799364,324.6282530811472,324.7456970214844,324.7456970214844,2431900,324.7456970214844
2024-04-09,326.5564070334065,327.75047034075607,322.8078481336474,327.33941650390625,327.33941650390625,2416600,327.33941650390625
2024-04-10,322.6134236656,323.7629658774456,317.98572017690435,318.732421875,318.732421875,2156700,318.732421875
2024-04-11,320.3535359010714,321.28695034997753,317.61230185841475,319.5085754394531,319.5085754394531,2204200,319.5085754394531
2024-04-12,315.36231124559083,316.8655793061789,307.7182373844954,309.8896179199219,309.8896179199219,4207400,309.8896179199219
2024-04-15,310.52827386264005,315.98132772261715,306.725891486393,307.7968444824219,307.7968444824219,2997900,307.7968444824219
2024-04-16,309.63421652126067,310.1254810419955,306.39185269376674,308.4551696777344,308.4551696777344,2900300,308.4551696777344
2024-04-17,311.3339570940416,311.48133044605356,307.1483739904701,309.044677734375,309.044677734375,2760000,309.044677734375
2024-04-18,307.168038641692,312.2182219877126,306.5588754739235,310.4791564941406,310.4791564941406,3025100,310.4791564941406
2024-04-19,312.30663970488104,312.9845870835843,309.1036156962469,311.3437805175781,311.3437805175781,3381500,311.3437805175781
2024-04-22,312.9747867807437,313.4856910512173,309.98789031362577,311.8743591308594,311.8743591308594,2433300,311.8743591308594
2024-04-23,312.91587471697903,314.2226252107807,310.96062144260924,311.294677734375,311.294677734375,2000300,311.294677734375
2024-04-24,310.32193836864053,310.32193836864053,305.26192029913057,308.0621337890625,308.0621337890625,4133800,308.0621337890625
2024-04-25,303.78815386213455,304.81979735217334,300.01524597664684,303.6014709472656,303.6014709472656,3639000,303.6014709472656
2024-04-26,304.0043188614157,304.08290799276847,301.9016922887398,302.6287841796875,302.6287841796875,3371800,302.6287841796875
2024-04-29,301.6953210612985,303.2280637436304,297.2149916845741,297.86346435546875,297.86346435546875,4719100,297.86346435546875
2024-04-30,296.72375451295756,297.71611838630525,294.44428006348824,295.6528015136719,295.6528015136719,5225000,295.6528015136719
2024-05-01,294.88642695126754,298.1877099246835,292.8918943253942,293.4421081542969,293.4421081542969,2617200,293.4421081542969
2024-05-02,295.50541827440213,298.0304949020883,293.0589007856201,295.0927429199219,295.0927429199219,2684200,295.0927429199219
2024-05-03,297.2346577380423,299.6320308601159,296.3995320883438,298.40386962890625,298.40386962890625,2767100,298.40386962890625
2024-05-06,299.8383943535645,301.43008656913383,297.97156522724873,300.71282958984375,300.71282958984375,2361300,300.71282958984375
2024-05-07,302.5206930959313,306.69644162189576,302.22594637021444,305.23248291015625,305.23248291015625,2483600,305.23248291015625
2024-05-08,304.7018906435704,307.9245845849356,304.7018906435704,306.5392150878906,306.5392150878906,2296400,306.5392150878906
2024-05-09,301.63640505082316,302.8252567532726,297.6276998967064,301.2532043457031,301.2532043457031,3238100,301.2532043457031
2024-05-10,302.618924963894,303.85692107011954,300.71281634946,300.97808837890625,300.97808837890625,1786900,300.97808837890625
2024-05-13,302.76627688451646,303.40491467758534,301.51847596623105,302.0392150878906,302.0392150878906,1695000,302.0392150878906
2024-05-14,303.5032244917039,306.8340124399215,300.8700537737196,301.5873107910156,301.5873107910156,1813600,301.5873107910156
2024-05-15,299.6713608266533,303.1298522949219,296.1735598006751,303.1298522949219,303.1298522949219,4230800,303.1298522949219
2024-05-16,304.24995939520056,305.1637042459983,301.3907961659617,302.61895751953125,302.61895751953125,2583100,302.61895751953125
2024-05-17,304.32852767319685,304.58399481224285,294.7685395421744,298.2859802246094,298.2859802246094,4232000,298.2859802246094
2024-05-20,298.20738992507887,301.7051908078494,296.340560815393,300.359130859375,300.359130859375,2418000,300.359130859375
2024-05-21,301.43007381183384,301.7837698516994,297.6669710316364,298.3351135253906,298.3351135253906,1866500,298.3351135253906
2024-05-22,298.64951586758593,302.80562446310864,298.3842438236018,301.7444763183594,301.7444763183594,2432400,301.7444763183594
2024-05-23,304.72155159347585,305.55667723715345,299.2390231056161,300.5850830078125,300.5850830078125,2526100,300.5850830078125
2024-05-24,301.5283602878156,302.08837906882843,295.08294201144673,295.7314147949219,295.7314147949219,2048200,295.7314147949219
2024-05-28,294.1397133784678,295.0731279585523,290.6517472865014,292.52838134765625,292.52838134765625,3530200,292.52838134765625
2024-05-29,289.01090855400065,290.9268521587584,285.9257829876742,288.6375427246094,288.6375427246094,4480000,288.6375427246094
2024-05-30,284.9039063565684,285.4246454742365,279.3231494003511,279.82421875,279.82421875,5007800,279.82421875
2024-05-31,279.824220426308,280.4039388671043,273.8209832033486,277.35809326171875,277.35809326171875,6882000,277.35809326171875
2024-06-03,281.3472072092664,282.4967494381429,275.805728822206,276.83740234375,276.83740234375,3596600,276.83740234375
2024-06-04,276.8373922661193,283.83299424252925,275.44218783436247,283.0273132324219,283.0273132324219,3498600,283.0273132324219
2024-06-05,283.2237875270301,287.2030175391829,283.02726975519937,285.935546875,285.935546875,3002200,285.935546875
2024-06-06,286.1124612915254,288.73579697149785,285.52293788537685,286.64300537109375,286.64300537109375,2363200,286.64300537109375
2024-06-07,286.34825520916854,286.71178614299725,283.1157263916771,283.3613586425781,283.3613586425781,2626900,283.3613586425781
2024-06-10,282.35922467685583,285.44435053677296,281.98585881193384,285.3559265136719,285.3559265136719,2509900,285.3559265136719
2024-06-11,285.05130653002226,289.168105407688,283.74455616302816,289.0796813964844,289.0796813964844,2457600,289.0796813964844
2024-06-12,286.5349213774896,289.01088352752544,280.4530648017661,280.7380065917969,280.7380065917969,3749600,280.7380065917969
2024-06-13,282.64410898667984,284.49123817838114,277.16158079510126,277.3875732421875,277.3875732421875,3119200,277.3875732421875
2024-06-14,276.4934752609315,281.9366940364798,275.80569300255974,281.70086669921875,281.70086669921875,2966200,281.70086669921875
2024-06-17,281.229286199364,283.55787512966475,278.98912128085135,280.54150390625,280.54150390625,3559600,280.54150390625
2024-06-18,280.3253449856072,284.84498435660083,279.4214351020517,280.3646545410156,280.3646545410156,5314900,280.3646545410156
2024-06-20,309.1330870449484,312.1789327741086,292.7936258771835,300.8110656738281,300.8110656738281,11374600,300.8110656738281
2024-06-21,301.6658741058317,304.9278775435418,297.29360811373664,303.5818176269531,303.5818176269531,8481800,303.5818176269531
2024-06-24,300.02505816930915,306.9125964473768,299.35694560743866,301.8427429199219,301.8427429199219,4399600,301.8427429199219
2024-06-25,302.5993129426385,304.58401086420565,300.09384583036905,301.803466796875,301.803466796875,4498700,301.803466796875
2024-06-26,294.6801054090819,300.3984012949031,294.1986458186135,299.2979736328125,299.2979736328125,3162100,299.2979736328125
2024-06-27,299.67134997428263,300.12330492615115,296.1931888609147,297.8929748535156,297.8929748535156,3162000,297.8929748535156
2024-06-28,298.2368644283244,300.2117273512619,296.37987020480944,298.109130859375,298.109130859375,14905500,298.109130859375
2024-07-01,298.4235366182797,299.0425046861423,294.36568715066437,297.2641296386719,297.2641296386719,2411100,297.2641296386719
2024-07-02,295.67246128851326,298.68883268324987,295.67246128851326,298.52178955078125,298.52178955078125,2177200,298.52178955078125
2024-07-03,299.4257046690946,301.52833106486355,298.66916815389806,300.4082336425781,300.4082336425781,1751200,300.4082336425781
2024-07-05,299.5829392045527,300.35914555738424,292.4792433082198,293.91375732421875,293.91375732421875,3158900,293.91375732421875
2024-07-08,295.21063962114215,296.67462814454797,290.43556332151223,294.2379455566406,294.2379455566406,2557700,294.2379455566406
2024-07-09,293.86460379853935,293.9235531415495,289.3351593656218,292.85260009765625,292.85260009765625,2479200,292.85260009765625
2024-07-10,291.71286534731547,292.793653285856,285.45416017357593,290.27838134765625,290.27838134765625,2283500,290.27838134765625
2024-07-11,291.55141576880123,298.2026941294208,290.110640747745,294.0678405761719,294.0678405761719,2988000,294.0678405761719
2024-07-12,295.6468035575991,307.91319311586193,295.09417666677473,306.54150390625,306.54150390625,3951600,306.54150390625
2024-07-15,308.5546482545372,315.166444732356,308.5546482545372,313.6861877441406,313.6861877441406,3866200,313.6861877441406
2024-07-16,314.18948831088267,320.87037075153336,313.84408898654465,320.72235107421875,320.72235107421875,3640500,320.72235107421875
2024-07-17,321.65985244205586,324.2453631376596,319.3605030779252,321.314453125,321.314453125,4383900,321.314453125
2024-07-18,325.0742799124843,331.82424761056484,323.52493716422566,323.7815246582031,323.7815246582031,4563600,323.7815246582031
2024-07-19,326.73216376173565,331.3703140383834,323.39664676907023,324.857177734375,324.857177734375,5376200,324.857177734375
2024-07-22,326.3670570459754,328.43942282141455,325.3802190687096,327.14666748046875,327.14666748046875,3419300,327.14666748046875
2024-07-23,327.0677055390591,327.8275900602906,323.6532545496938,325.982177734375,325.982177734375,1994000,325.982177734375
2024-07-24,325.04468042953215,328.16309188523644,323.82101104009377,324.3538818359375,324.3538818359375,3286500,324.3538818359375
2024-07-25,321.3045883387393,331.27165839558785,319.08420278668467,325.77496337890625,325.77496337890625,2764500,325.77496337890625
2024-07-26,321.6302331130303,325.4690170209467,320.9295564955404,324.13677978515625,324.13677978515625,2438200,324.13677978515625
2024-07-29,324.33419887700467,324.6499942825264,319.6072361595441,321.9065856933594,321.9065856933594,1629200,321.9065856933594
2024-07-30,323.1795812095278,326.10064350156733,322.6467103495225,324.8670959472656,324.8670959472656,1985400,324.8670959472656
2024-07-31,327.2749656064636,329.53480292112823,324.7091808081282,326.26837158203125,326.26837158203125,2606300,326.26837158203125
2024-08-01,329.4854579364156,334.4591296122918,322.12365529824666,323.76177978515625,323.76177978515625,2538100,323.76177978515625
2024-08-02,320.71244563739964,322.38020412967103,316.1335333538138,318.89666748046875,318.89666748046875,2682700,318.89666748046875
2024-08-05,307.5085649760582,313.6861802973119,306.14675387658974,309.61053466796875,309.61053466796875,3186500,309.61053466796875
2024-08-06,312.82759329992246,318.4130990528765,311.56444207735376,314.4854736328125,314.4854736328125,2284200,314.4854736328125
2024-08-07,315.73881815379286,321.45258827331713,313.7453861953289,313.8341979980469,313.8341979980469,2327700,313.8341979980469
2024-08-08,311.14999870647586,315.3046082277625,310.3309364455017,311.7223815917969,311.7223815917969,2213700,311.7223815917969
2024-08-09,312.0381289214519,313.14338245490063,309.0973413931758,311.6729736328125,311.6729736328125,1851300,311.6729736328125
2024-08-12,311.3177716717342,313.29144758682656,308.6236932059075,309.82763671875,309.82763671875,2276500,309.82763671875
2024-08-13,311.94933368302094,315.9657714158025,310.9822517545303,315.126953125,315.126953125,2269600,315.126953125
2024-08-14,315.7881370269181,317.83089876612786,313.83418708733876,315.620361328125,315.620361328125,1404600,315.620361328125
2024-08-15,318.03812237123213,320.92955023736255,317.70260109369275,320.8506164550781,320.8506164550781,2271600,320.8506164550781
2024-08-16,320.633541907204,323.3966762928419,319.01511311282604,322.6170959472656,322.6170959472656,2292800,322.6170959472656
2024-08-19,323.24862175597326,326.08084172480903,322.69599493843964,325.1038818359375,325.1038818359375,1678200,325.1038818359375
2024-08-20,325.5874258712809,326.21901659213256,323.7321657736581,326.0216369628906,326.0216369628906,1790100,326.0216369628906
2024-08-21,326.48545465975354,329.2683448289672,326.1894153293706,329.2091369628906,329.2091369628906,1233900,329.2091369628906
2024-08-22,329.4953338428488,329.67295744401656,325.3111205035059,326.2190246582031,326.2190246582031,1679200,326.2190246582031
2024-08-23,327.29465881892423,329.367024414952,325.3308610512672,328.8834533691406,328.8834533691406,1518700,328.8834533691406
2024-08-26,328.6959473246198,332.7715925814291,327.40319211303796,332.3472595214844,332.3472595214844,1692200,332.3472595214844
2024-08-27,330.76833301690465,336.5018590306344,330.59070941578176,335.89990234375,335.89990234375,2154100,335.89990234375
2024-08-28,336.07753930987144,339.0775351948331,330.69926028450624,332.94927978515625,332.94927978515625,1528000,332.94927978515625
2024-08-29,335.7716291692116,339.34397790714735,334.50847773509224,335.7321472167969,335.7321472167969,1612600,335.7321472167969
2024-08-30,336.5117107353152,338.9294755420908,334.18278783805835,337.44921875,337.44921875,2004000,337.44921875
2024-09-03,336.8669824711851,340.99198792065613,335.19925407046264,337.3801574707031,337.3801574707031,2049300,337.3801574707031
2024-09-04,335.524898100261,340.37027597791143,334.5183342476856,339.4623718261719,339.4623718261719,1478300,339.4623718261719
2024-09-05,339.689362781865,339.9163463537131,335.03148641993255,336.4426574707031,336.4426574707031,1195100,336.4426574707031
2024-09-06,336.2157006894744,337.93278908067686,332.32755676786314,335.36700439453125,335.36700439453125,1613400,335.36700439453125
2024-09-09,336.1466041607126,337.74527676615986,334.6268653375515,337.3110656738281,337.3110656738281,1569400,337.3110656738281
2024-09-10,339.28475161045515,343.41960501109673,337.7156828911233,343.1235656738281,343.1235656738281,1655700,343.1235656738281
2024-09-11,341.80116641461615,346.103795392227,337.7353990158566,345.6991882324219,345.6991882324219,2121700,345.6991882324219
2024-09-12,345.86695975389364,347.7814276986875,340.65645682061535,345.28472900390625,345.28472900390625,2182100,345.28472900390625
2024-09-13,346.47877256055585,346.8044157976179,344.1991795534185,344.978759765625,344.978759765625,1812000,344.978759765625
2024-09-16,346.2222484165461,350.30777228788656,345.028182841028,349.4590759277344,349.4590759277344,2536400,349.4590759277344
2024-09-17,350.42614122608063,350.6037648186992,331.88344881598084,332.6038513183594,332.6038513183594,4528800,332.6038513183594
2024-09-18,330.59072638881855,334.53807834569994,328.5775684583555,331.75518798828125,331.75518798828125,2150800,331.75518798828125
2024-09-19,335.52490345142496,335.8999066914742,327.8571834113341,330.8275451660156,330.8275451660156,2645700,330.8275451660156
2024-09-20,327.9459853456006,331.922940965154,327.5018962345034,331.7946472167969,331.7946472167969,5231000,331.7946472167969
2024-09-23,332.93936970095393,334.9722533301481,329.65318268648906,334.7452697753906,334.7452697753906,1998500,334.7452697753906
2024-09-24,333.49202180278826,336.13674030135644,330.86702922164665,335.14990234375,335.14990234375,2842900,335.14990234375
2024-09-25,330.7288745731188,335.2781829233025,329.7617625709379,332.61370849609375,332.61370849609375,3552700,332.61370849609375
2024-09-26,350.33734224155484,359.19912755538286,345.0972352563602,351.1268005371094,351.1268005371094,4454800,351.1268005371094
2024-09-27,351.639939046635,353.62349288185,344.7024697473777,345.09722900390625,345.09722900390625,2575200,345.09722900390625
2024-09-30,343.9130504601076,349.39986744985436,343.14331800804695,348.8275146484375,348.8275146484375,2424900,348.8275146484375
2024-10-01,350.31759072484203,350.31759072484203,345.29458922355786,347.34722900390625,347.34722900390625,1827300,347.34722900390625
2024-10-02,348.06759773173957,352.4886424982631,346.715634586674,351.6004943847656,351.6004943847656,2421300,351.6004943847656
2024-10-03,354.8175625486919,359.6530924556706,354.6004570013749,356.4853210449219,356.4853210449219,3646300,356.4853210449219
2024-10-04,359.4063920266142,362.9491366393095,355.0840370040236,357.47216796875,357.47216796875,2131400,357.47216796875
2024-10-07,355.2616531735289,357.2353290244929,351.16628180595916,352.103759765625,352.103759765625,1536800,352.103759765625
2024-10-08,354.79786989750914,355.90312365442213,352.8143158526776,355.6366882324219,355.6366882324219,2348300,355.6366882324219
2024-10-09,356.2287688302501,361.6366214430934,356.0215111803259,360.2747802734375,360.2747802734375,2046400,360.2747802734375
2024-10-10,360.23516307329714,361.13684455590976,355.6276943725639,357.7679443359375,357.7679443359375,2088000,357.7679443359375
2024-10-11,359.2046688089988,360.0766258653283,356.76717448406936,357.4409484863281,357.4409484863281,1436500,357.4409484863281
2024-10-14,358.27325475683006,362.27631649803976,357.85711268660555,361.2656555175781,361.2656555175781,2256500,361.2656555175781
2024-10-15,362.0880717280419,367.6071403648815,362.0880717280419,365.2885437011719,365.2885437011719,2955900,365.2885437011719
2024-10-16,362.3456679983735,369.4599976900807,361.5430780875576,368.8555908203125,368.8555908203125,2110700,368.8555908203125
2024-10-17,369.5888454447135,372.07590070297704,368.3800013626738,371.71917724609375,371.71917724609375,1906900,371.71917724609375
2024-10-18,372.0758834381944,373.87921613388073,370.23287784654184,373.41351318359375,373.41351318359375,1893300,373.41351318359375
2024-10-21,371.5705462640821,373.88914284415137,370.78776251317566,372.59112548828125,372.59112548828125,1785100,372.59112548828125
2024-10-22,371.19402893974933,371.4318244209435,367.7359552839297,368.3899230957031,368.3899230957031,1740200,368.3899230957031
2024-10-23,367.4485495337053,369.07356573943656,364.8624333078222,367.240478515625,367.240478515625,2211800,367.240478515625
2024-10-24,364.13913210031365,370.02481191987124,360.4234266707186,360.8990478515625,360.8990478515625,2311800,360.8990478515625
2024-10-25,360.6711441571608,362.107895700435,356.30147089740734,357.5003967285156,357.5003967285156,2129300,357.5003967285156
2024-10-28,360.67110832050787,363.6337541768252,357.0941373925715,358.015625,358.015625,2717700,358.015625
2024-10-29,357.60938425478184,361.74123154558197,355.76637873285614,359.71990966796875,359.71990966796875,2642900,359.71990966796875
2024-10-30,354.72600592123956,355.54840207137374,342.181780965909,343.4005432128906,343.4005432128906,3916800,343.4005432128906
2024-10-31,341.47830010727,344.67874181060773,339.48667225061246,341.66656494140625,341.66656494140625,3078200,341.66656494140625
2024-11-01,343.7671637617748,344.76793677744695,341.67644442781926,342.5087890625,342.5087890625,2579800,342.5087890625
2024-11-04,342.10252203708893,343.50951885419437,338.4561535611747,340.75494384765625,340.75494384765625,1931300,340.75494384765625
2024-11-05,339.65512401206,344.24278655602836,339.08041129678503,342.3304138183594,342.3304138183594,1553900,342.3304138183594
2024-11-06,352.6452004311844,353.9630541858019,349.7717276961093,352.87310791015625,352.87310791015625,3009700,352.87310791015625
2024-11-07,354.726016339608,358.68943551658685,353.0316631082264,357.4112243652344,357.4112243652344,2250500,357.4112243652344
2024-11-08,357.4706642862709,359.44248583963514,351.87234088661273,352.2785949707031,352.2785949707031,2289500,352.2785949707031
2024-11-11,351.7534557122707,357.3418913259488,350.86169243562756,354.03240966796875,354.03240966796875,2985200,354.03240966796875
2024-11-12,354.36932407127273,358.81825243295555,353.68563184234523,357.3121337890625,357.3121337890625,3233600,357.3121337890625
2024-11-13,356.25190756901253,367.2504007948674,355.7564802186451,366.834228515625,366.834228515625,3353900,366.834228515625
2024-11-14,367.9836444295038,368.5979695405801,357.7282916486208,358.7587890625,358.7587890625,3503000,358.7587890625
2024-11-15,356.9851441660597,357.01486859869095,345.6596817562512,350.3365173339844,350.3365173339844,3614700,350.3365173339844
2024-11-18,350.3365251721596,352.2488676040246,348.60252934007224,349.56365966796875,349.56365966796875,1759900,349.56365966796875
2024-11-19,348.03772335081356,350.7328494216035,346.78923671671276,350.7130432128906,350.7130432128906,2447000,350.7130432128906
2024-11-20,350.4752470203958,354.0621366010087,348.4340885271355,353.8045349121094,353.8045349121094,1792700,353.8045349121094
2024-11-21,356.2321012991488,360.1757142279961,355.0331754764733,357.74810791015625,357.74810791015625,2240100,357.74810791015625
2024-11-22,354.9638020581546,361.30529675782327,354.0125899485994,355.3799743652344,355.3799743652344,2211100,355.3799743652344
2024-11-25,356.7077202654233,360.8197615485632,355.22143809765066,357.9859313964844,357.9859313964844,3054800,357.9859313964844
2024-11-26,358.67952293534387,361.19630261909816,357.32205668403014,359.858642578125,359.858642578125,2106100,359.858642578125
2024-11-27,360.75038562037764,362.3258712894952,357.5796685498879,358.84796142578125,358.84796142578125,1657000,358.84796142578125
2024-11-29,356.85633152285504,361.6619830994076,356.70770935831985,359.0560302734375,359.0560302734375,1311300,359.0560302734375
2024-12-02,359.4523761742792,360.0369768634529,353.6955123452689,358.0751037597656,358.0751037597656,2445500,358.0751037597656
2024-12-03,345.6101310906818,351.0994749738887,343.4500749530059,349.3159484863281,349.3159484863281,3044700,349.3159484863281
2024-12-04,350.43560519786905,358.7983912885368,349.8806987303995,356.7374267578125,356.7374267578125,2074000,356.7374267578125
2024-12-05,352.8136694492195,355.61777517706844,351.64446806381187,354.8548278808594,354.8548278808594,1821300,354.8548278808594
2024-12-06,361.9592242550362,368.47906537469845,358.2435189817974,359.3830261230469,359.3830261230469,2332100,359.3830261230469
2024-12-09,357.15360437511816,362.6528361059197,354.8250896802926,356.2122802734375,356.2122802734375,2185000,356.2122802734375
2024-12-10,355.24122818670304,362.99963768395673,353.8243131749625,359.5811767578125,359.5811767578125,2157800,359.5811767578125
2024-12-11,360.5225219839983,363.23745443676114,360.10634966657676,360.5126037597656,360.5126037597656,1541300,360.5126037597656
2024-12-12,358.0057486532895,358.68944089064087,352.1497931029479,356.8860778808594,356.8860778808594,1834200,356.8860778808594
2024-12-13,356.291543515295,357.460775120629,352.99201044887593,355.3997802734375,355.3997802734375,1808700,355.3997802734375
2024-12-16,356.2618047740075,357.7183624313234,353.19017931302324,353.7945861816406,353.7945861816406,2306300,353.7945861816406
2024-12-17,354.091858537179,355.2016413189118,349.79155231286455,354.03240966796875,354.03240966796875,2479100,354.03240966796875
2024-12-18,354.0324159208325,356.11321709541,343.9455210868155,344.4310302734375,344.4310302734375,3232900,344.4310302734375
2024-12-19,361.66197674297507,373.4630602154533,359.8685320993012,368.7565002441406,368.7565002441406,6075500,368.7565002441406
2024-12-20,367.3098575775068,368.6673237086247,358.68940939985066,363.0194396972656,363.0194396972656,7013100,363.0194396972656
2024-12-23,357.2823973396841,359.64063651511594,352.4767759272062,355.48895263671875,355.48895263671875,3549300,355.48895263671875
2024-12-24,356.6581861867708,358.6398957247143,355.2610773339021,358.32281494140625,358.32281494140625,1075400,358.32281494140625
2024-12-26,357.05453398326733,358.63990771432,355.78624104612305,357.1337890625,357.1337890625,910500,357.1337890625
2024-12-27,355.4988663396448,357.13377063103025,350.76258183959874,352.9226379394531,352.9226379394531,1195700,352.9226379394531
2024-12-30,349.38528567360606,351.38683166013953,346.0362219538436,349.2663879394531,349.2663879394531,1490100,349.2663879394531
2024-12-31,351.73364413968335,351.8327054278643,347.2252367033768,348.57281494140625,348.57281494140625,1748600,348.57281494140625
2025-01-02,349.8708316478175,351.565184868314,342.94473611837026,345.6299743652344,345.6299743652344,2253600,345.6299743652344
2025-01-03,346.79915587440297,351.5750829353958,345.89747444051113,350.61395263671875,350.61395263671875,2029700,350.61395263671875
2025-01-06,349.5834803878224,351.24810919848454,346.4523755838691,348.11700439453125,348.11700439453125,2356300,348.11700439453125
2025-01-07,352.1002399024701,359.8982619123129,350.5743151274445,353.1307373046875,353.1307373046875,4663100,353.1307373046875
2025-01-08,357.69854958545386,360.2747778739327,352.1002265329909,354.4584655761719,354.4584655761719,2216900,354.4584655761719
2025-01-10,351.7831642368399,354.7260040836094,345.55067932960003,346.5910949707031,346.5910949707031,2830000,346.5910949707031
2025-01-13,341.973684495379,347.7008234023718,341.22062525356813,345.947021484375,345.947021484375,2711200,345.947021484375
2025-01-14,347.9980689939558,349.29608622543805,342.4691131003163,345.7983703613281,345.7983703613281,1825400,345.7983703613281
2025-01-15,349.12768136626124,351.95162348507523,345.8677607331783,346.5316467285156,346.5316467285156,2624000,346.5316467285156
2025-01-16,347.38737329550753,351.5069598856113,345.2877992365382,348.8302307128906,348.8302307128906,2025800,348.8302307128906
2025-01-17,353.16873986731804,355.23846321025815,350.1735823228125,350.8502197265625,350.8502197265625,4064800,350.8502197265625
2025-01-21,347.5266817739033,355.09911687075805,346.28284969883566,354.66131591796875,354.66131591796875,3098600,354.66131591796875
2025-01-22,356.4723104344131,358.39281022696474,353.0890932817168,357.3380126953125,357.3380126953125,3155800,357.3380126953125
2025-01-23,356.323057012901,361.52726132443684,355.88522569502453,361.4675598144531,361.4675598144531,2111100,361.4675598144531
2025-01-24,360.3531083289761,362.2039159607496,358.3729069300734,360.62176513671875,360.62176513671875,1827800,360.62176513671875
2025-01-27,357.5470015703365,372.0053044492813,357.15891138533453,371.3087463378906,371.3087463378906,3855600,371.3087463378906
2025-01-28,370.16443440499313,380.1349816253966,368.92060230013766,376.5229187011719,376.5229187011719,4052700,376.5229187011719
2025-01-29,377.99559956690814,380.0155817070182,371.33860765797016,372.572509765625,372.572509765625,2345600,372.572509765625
2025-01-30,376.13481579966555,384.0057887372904,374.8611329820078,378.8712463378906,378.8712463378906,2218600,378.8712463378906
2025-01-31,378.8712491998996,385.0904095610273,377.7667408959204,383.050537109375,383.050537109375,3106600,383.050537109375
2025-02-03,379.2593404593911,384.7520919738164,376.6721636684177,383.3092346191406,383.3092346191406,2792900,383.3092346191406
2025-02-04,379.62752248413796,390.51354360152067,378.6722375540421,389.6876220703125,389.6876220703125,3166600,389.6876220703125
2025-02-05,388.8915813008495,396.3844247520419,388.49356109717695,396.284912109375,396.284912109375,3463400,396.284912109375
2025-02-06,393.2499735842205,395.9167423504239,384.0157651781026,385.4287414550781,385.4287414550781,2828000,385.4287414550781
2025-02-07,387.0805574537787,388.6030067607037,383.458503728182,384.0754699707031,384.0754699707031,2437400,384.0754699707031
2025-02-10,386.3243019652348,388.075627334233,383.2893636931371,384.9809875488281,384.9809875488281,1771300,384.9809875488281
2025-02-11,383.10028256987096,388.4238899724875,381.99577425342414,388.0855712890625,388.0855712890625,2121000,388.0855712890625
2025-02-12,384.14509556339004,389.5781760679517,384.0953544259359,386.911376953125,386.911376953125,2251000,386.911376953125
2025-02-13,386.6924668688994,388.98113619772374,382.8316374634911,387.6079406738281,387.6079406738281,3387300,387.6079406738281
2025-02-14,388.0756110751752,389.0706767445987,385.5182850166781,386.0854797363281,386.0854797363281,2024700,386.0854797363281
2025-02-18,382.73210895266993,388.5631791332675,379.6075882099242,385.64764404296875,385.64764404296875,3701100,385.64764404296875
2025-02-19,384.0853864499476,390.0856311973117,382.54304681545705,388.2945251464844,388.2945251464844,1438000,388.2945251464844
2025-02-20,385.95611833590135,388.0756130814499,382.3539854526849,382.9410705566406,382.9410705566406,2252400,382.9410705566406
2025-02-21,378.12497109601884,380.8812921900477,362.1342577934319,362.462646484375,362.462646484375,3751700,362.462646484375
2025-02-24,362.611882197145,365.1194367378567,359.27840614994494,362.1143493652344,362.1143493652344,2755800,362.1143493652344
2025-02-25,359.2983202299869,363.7761160125326,357.72612973892694,361.15911865234375,361.15911865234375,1947600,361.15911865234375
2025-02-26,360.9103288253202,361.2187967520962,355.09911861903873,356.581787109375,356.581787109375,2267500,356.581787109375
2025-02-27,356.28327060895253,359.83566253447896,353.61650175463416,355.1091003417969,355.1091003417969,2735400,355.1091003417969
2025-02-28,355.38770771602776,357.3679091032044,340.7204490553166,346.7803955078125,346.7803955078125,5768000,346.7803955078125
2025-03-03,347.69585312167465,350.2531487657395,341.31747865494964,343.2876892089844,343.2876892089844,3011100,343.2876892089844
2025-03-04,340.49157937092576,347.5167408956621,340.31247483014675,344.0738220214844,344.0738220214844,3156300,344.0738220214844
2025-03-05,343.51658718406026,347.0789090805926,341.7652618090522,346.5415954589844,346.5415954589844,2578500,346.5415954589844
2025-03-06,342.82002809688623,345.3873146388453,338.14323747162814,340.15325927734375,340.15325927734375,3467600,340.15325927734375
2025-03-07,337.32727548068,341.1980956663359,334.2525260827274,340.4915771484375,340.4915771484375,4459900,340.4915771484375
2025-03-10,337.21782029940937,338.22281597898797,330.8891868320404,333.6455078125,333.6455078125,3454700,333.6455078125
2025-03-11,331.4364523122301,332.779797008961,323.94360920565657,326.1725769042969,326.1725769042969,3390000,326.1725769042969
2025-03-12,326.87908210144394,328.37168064985235,321.29677810655414,322.7296447753906,322.7296447753906,3086200,322.7296447753906
2025-03-13,322.0928233307288,322.0928233307288,313.0576096438666,315.5054931640625,315.5054931640625,3667400,315.5054931640625
2025-03-14,314.8487446862853,317.3264485847096,312.7392102415389,317.2468566894531,317.2468566894531,4086000,317.2468566894531
2025-03-17,318.42102753103313,325.1178306984136,318.02300732001845,324.10284423828125,324.10284423828125,3518100,324.10284423828125
2025-03-18,322.04307630458993,323.44609221244957,317.9135293741968,322.470947265625,322.470947265625,2811300,322.470947265625
2025-03-19,323.58540601297176,325.11781563974614,319.48574033211554,322.86895751953125,322.86895751953125,4314100,322.86895751953125
2025-03-20,294.6887093496558,305.3359247887949,290.0716201613853,299.42523193359375,299.42523193359375,10699500,299.42523193359375
2025-03-21,296.57932925645434,304.09209375276197,294.1215156838948,303.8134765625,303.8134765625,11735300,303.8134765625
2025-03-24,306.5797499335718,308.92809042236047,303.6741447120753,305.6642761230469,305.6642761230469,3793200,305.6642761230469
2025-03-25,306.03244866765255,310.92818534958946,303.9129842018279,307.37579345703125,307.37579345703125,3890400,307.37579345703125
2025-03-26,307.5051390787915,311.20678454125215,307.4951787047734,309.6246337890625,309.6246337890625,3669700,309.6246337890625
2025-03-27,307.694227179676,311.45557443581845,305.96282252165685,307.00762939453125,307.00762939453125,2871000,307.00762939453125
2025-03-28,306.8583730281008,308.54003653212897,302.34076613540424,302.8283386230469,302.8283386230469,2377500,302.8283386230469
2025-03-31,300.9576288906632,311.5650023809318,298.91772601407706,310.50030517578125,310.50030517578125,5511900,310.50030517578125
2025-04-01,310.06247370357823,314.46064702837367,309.4455378372309,312.0326843261719,312.0326843261719,3503900,312.0326843261719
2025-04-02,308.2215853821248,316.43087700247196,308.2215853821248,314.76910400390625,314.76910400390625,4123000,314.76910400390625
2025-04-03,306.48024197830364,310.25154956254875,299.4849311764007,299.9725036621094,299.9725036621094,3614800,299.9725036621094
2025-04-04,295.3354728831452,297.5743705964787,283.19569016882224,283.6534118652344,283.6534118652344,4659000,283.6534118652344
2025-04-07,277.56361573331714,291.59404751685355,273.65301500431474,283.3150939941406,283.3150939941406,6333600,283.3150939941406
2025-04-08,288.8576351953298,291.5841055396834,275.3147750099697,280.0015563964844,280.0015563964844,4730400,280.0015563964844
2025-04-09,278.61838010002407,298.9674846505554,277.54372256682973,298.4599914550781,298.4599914550781,6702200,298.4599914550781
2025-04-10,292.4700012207031,296.1000061035156,278.3399963378906,285.2200012207031,285.2200012207031,4578600,285.2200012207031
2025-04-11,282.5799865722656,286.29998779296875,276.7300109863281,284.3399963378906,284.3399963378906,5019500,284.3399963378906
2025-04-14,289.9200134277344,293.260009765625,286.6400146484375,289.7900085449219,289.7900085449219,3299300,289.7900085449219
2025-04-15,288.9100036621094,292.0799865722656,287.3399963378906,288.6600036621094,288.6600036621094,3273200,288.6600036621094
2025-04-16,289.45001220703125,292.5,283.739990234375,285.239990234375,285.239990234375,3183900,285.239990234375
2025-04-17,285.5199890136719,286.6700134277344,281.7699890136719,282.3500061035156,282.3500061035156,2320300,282.3500061035156
2025-04-21,282.3399963378906,282.3399963378906,275.9800109863281,279.2300109863281,279.2300109863281,2835500,279.2300109863281
2025-04-22,281.3999938964844,285.1000061035156,280.1499938964844,283.9599914550781,283.9599914550781,2499500,283.9599914550781
2025-04-23,294.6499938964844,296.94000244140625,286.9700012207031,288.1600036621094,288.1600036621094,2763100,288.1600036621094
2025-04-24,285.0,291.760009765625,284.739990234375,291.4100036621094,291.4100036621094,3271400,291.4100036621094
2025-04-25,291.5199890136719,294.010009765625,289.0199890136719,293.3900146484375,293.3900146484375,2919200,293.3900146484375
2025-04-28,294.5199890136719,296.05999755859375,289.8900146484375,293.25,293.25,1865200,293.25
2025-04-29,295.6199951171875,299.0400085449219,294.79998779296875,298.4700012207031,298.4700012207031,3251900,298.4700012207031
2025-04-30,295.2699890136719,299.54998779296875,291.7099914550781,299.1499938964844,299.1499938964844,2834700,299.1499938964844
2025-05-01,300.80999755859375,304.760009765625,298.5,300.5299987792969,300.5299987792969,2848600,300.5299987792969
2025-05-02,305.0,306.3399963378906,303.8699951171875,305.3299865722656,305.3299865722656,1810000,305.3299865722656
2025-05-05,303.42999267578125,309.4100036621094,303.4100036621094,307.7099914550781,307.7099914550781,3548600,307.7099914550781
2025-05-06,303.8599853515625,305.95001220703125,303.20001220703125,303.79998779296875,303.79998779296875,2719400,303.79998779296875
2025-05-07,304.79998779296875,308.0899963378906,303.4700012207031,306.0899963378906,306.0899963378906,2647700,306.0899963378906
2025-05-08,309.0,313.25,308.0,308.8800048828125,308.8800048828125,2861600,308.8800048828125
2025-05-09,310.0299987792969,311.5899963378906,306.70001220703125,307.8999938964844,307.8999938964844,1844400,307.8999938964844
2025-05-12,316.4700012207031,322.4700012207031,315.3599853515625,322.0899963378906,322.0899963378906,3271300,322.0899963378906
2025-05-13,321.9200134277344,325.7099914550781,321.55999755859375,322.5299987792969,322.5299987792969,2775500,322.5299987792969
2025-05-14,321.5400085449219,322.1000061035156,317.8999938964844,320.4100036621094,320.4100036621094,2417100,320.4100036621094
2025-05-15,320.2200012207031,324.0,319.760009765625,323.2099914550781,323.2099914550781,3050400,323.2099914550781
2025-05-16,317.4200134277344,318.05999755859375,309.7300109863281,317.69000244140625,317.69000244140625,3968000,317.69000244140625
2025-05-19,315.7900085449219,320.8900146484375,315.07000732421875,319.3900146484375,319.3900146484375,2247300,319.3900146484375
2025-05-20,318.4599914550781,320.3299865722656,317.3900146484375,320.17999267578125,320.17999267578125,2930500,320.17999267578125
2025-05-21,317.0400085449219,322.8599853515625,316.4200134277344,317.7200012207031,317.7200012207031,2788000,317.7200012207031
2025-05-22,317.510009765625,319.19000244140625,316.0400085449219,316.45001220703125,316.45001220703125,2996600,316.45001220703125
2025-05-23,311.1099853515625,311.7300109863281,307.8699951171875,309.5799865722656,309.5799865722656,2947200,309.5799865722656
2025-05-27,313.5199890136719,315.70001220703125,312.010009765625,315.42999267578125,315.42999267578125,3248900,315.42999267578125
2025-05-28,314.75,317.3900146484375,314.04998779296875,315.989990234375,315.989990234375,3437600,315.989990234375
2025-05-29,317.5199890136719,318.4200134277344,314.7799987792969,317.7300109863281,317.7300109863281,2557800,317.7300109863281
2025-05-30,318.1600036621094,318.989990234375,314.0899963378906,316.82000732421875,316.82000732421875,4012700,316.82000732421875
2025-06-02,313.6300048828125,314.94000244140625,311.2099914550781,314.4700012207031,314.4700012207031,2340400,314.4700012207031
2025-06-03,313.0,313.989990234375,310.6000061035156,312.8999938964844,312.8999938964844,3678200,312.8999938964844
2025-06-04,315.1099853515625,316.7900085449219,314.3900146484375,316.3999938964844,316.3999938964844,2337800,316.3999938964844
2025-06-05,317.29998779296875,317.9599914550781,313.4100036621094,315.3800048828125,315.3800048828125,3787400,315.3800048828125
2025-06-06,318.4200134277344,320.1499938964844,316.3800048828125,317.6499938964844,317.6499938964844,2309500,317.6499938964844
